:020000040800F2
:1000000000000220212C0008D5280008DD28000867
:10001000E5280008ED280008F52800080000000089
:10002000000000000000000000000000FD280008A3
:100030000B290008000000001929000827290008E2
:10004000712C0008712C0008712C0008712C00081C
:10005000712C0008712C0008712C0008712C00080C
:10006000712C0008712C0008712C0008712C0008FC
:10007000712C0008712C0008712C0008712C0008EC
:10008000712C0008712C000835290008712C00081B
:10009000712C0008712C0008712C0008712C0008CC
:1000A000712C0008712C0008712C0008712C0008BC
:1000B000712C0008712C0008712C0008712C0008AC
:1000C000712C0008712C0008712C0008712C00089C
:1000D000712C0008712C000849290008712C0008B7
:1000E000712C0008712C0008712C0008712C00087C
:1000F000712C0008712C0008712C0008712C00086C
:10010000712C0008712C0008712C0008712C00085B
:10011000712C0008712C0008712C0008712C00084B
:100120005D290008712C0008712C0008712C000852
:10013000712C0008712C0008712C0008712C00082B
:10014000712C0008712C0008712C0008712C00081B
:10015000712C0008712C0008712C0008712C00080B
:10016000712C0008712C0008712C0008712C0008FB
:10017000712C0008712C0008712C00080000000090
:08018000712C0008712C00082D
:1001900010B5054C237833B9044B13B10448AFF3C1
:1001A00000800123237010BD8400002000000000A7
:1001B000B493000808B5034B1BB103490348AFF3E0
:1001C000008008BD0000000088000020B4930008F3
:1001D00010F8012B11F8013B012A28BF9A42F7D0F1
:1001E000D01A70470000000000000000000000006E
:1001F00001F0FF01102A2BDB10F0070F08D010F8D8
:10020000013B013A8B422DD010F0070F42B3F6D1DB
:10021000F0B441EA012141EA014122F007047FF0F4
:1002200000070023F0E80256083C85EA010586EA4B
:10023000010685FA47F5A3FA87F586FA47F6A5FA87
:1002400087F68EB9EED1F0BC01F0FF0102F0070293
:1002500032B110F8013B013A83EA010313B1F8D13E
:100260000020704701387047002D06BF354603381F
:10027000073815F0010F07D1013015F4807F02BF58
:10028000013015F4C03F0130F0BC0138704700BFA9
:100290007BB972B90029BEBF00204FF0004106E0D3
:1002A00008BF00281CBF6FF000414FF0FF3000F086
:1002B000D3B9ADF1080C6DE904CE002909DB002BA0
:1002C0001ADB00F04DF8DDF804E0DDE9022304B0AC
:1002D0007047404261EB4101002B1BDB00F040F80E
:1002E000DDF804E0DDE9022304B0404261EB4101A6
:1002F000524263EB43037047524263EB430300F007
:100300002FF8DDF804E0DDE9022304B0404261EBA0
:1003100041017047524263EB430300F021F8DDF8DE
:1003200004E0DDE9022304B0524263EB430370476B
:1003300053B94AB9002908BF00281CBF4FF0FF314C
:100340004FF0FF3000F088B9ADF1080C6DE904CE34
:1003500000F006F8DDF804E0DDE9022304B07047A0
:100360002DE9F047089D8E4604468846002B4AD169
:100370008A42174662D9B2FA82F64EB1C6F120031C
:1003800001FA06F820FA03F3B74043EA0808B4403C
:100390004FEA174E1FFA87FCB8FBFEF1230C0EFB49
:1003A000118843EA084301FB0CF29A4209D9FB1871
:1003B00001F1FF3080F0EA809A4240F2E780023992
:1003C0003B449A1AA3B2B2FBFEF00EFB102243EAA2
:1003D000024300FB0CFC9C4509D9FB1800F1FF32DD
:1003E00080F0D6809C4540F2D3803B44023840EAFE
:1003F0000140A3EB0C0300211DB1F3400022C5E92D
:100400000032BDE8F0878B4205D90DB1C5E9000186
:1004100000210846F5E7B3FA83F1002946D1734578
:1004200002D3824200F20581841A6EEB030201209E
:100430009046002DE5D0C5E90048E2E7002A00F02B
:100440009080B2FA82F6002E40F0A4808A1A030C43
:100450004FEA174E80B2BCB20121B2FBFEFC0EFB8C
:100460001C2243EA024304FB0CF29A4207D9FB1810
:100470000CF1FF3802D29A4200F2E080C4469B1A87
:10048000B3FBFEF20EFB123340EA034302FB04F41B
:100490009C4207D9FB1802F1FF3002D29C4200F2C5
:1004A000CA8002461B1B42EA0C40A5E7C1F12006A8
:1004B0008B4022FA06F71F430EFA01F420FA06F3E6
:1004C0002EFA06FE4FEA1749234300FA01F81FFAF5
:1004D00087FCBEFBF9F01C0C09FB10EE44EA0E444D
:1004E00000FB0CFEA64502FA01F209D93C1900F105
:1004F000FF3A80F09C80A64540F2998002383C4447
:10050000A4EB0E041FFA83FEB4FBF9F309FB1344BA
:100510004EEA044403FB0CFCA44508D93C1903F142
:10052000FF3E80F08280A4457FD9023B3C4443EAF1
:100530000040A4EB0C04A0FB02EC64457346E146CA
:1005400062D35FD05DB1B8EB030264EB090404FA37
:1005500006F622FA01F31E43CC40C5E900640021EF
:100560004FE7B1FBF2FC010C41EA0E4180B240EAD8
:1005700001423B4638463C46B846BE462026B1FBC3
:10058000F7F1A2EB080241EA0C4166E7014618E7E1
:1005900010462CE7C6F120022EFA02F3B740B14014
:1005A00020FA02F24FEA174E0A43B3FBFEF8BCB240
:1005B0000EFB1833110C41EA034108FB04F9B0406B
:1005C00089454FEA104380B23ED9791808F1FF3CC3
:1005D00001D289451FD8A1EB0901B1FBFEF909FB46
:1005E00004F80EFB191192B242EA0142424529D2A7
:1005F000BA1809F1FF31C4D24245C2D2A9F10201B1
:100600003A44BEE7F0459DD2BEEB02036CEB070C0B
:100610000138E14696E7A7EB09094944A8F1020C25
:10062000B1FBFEF909FB04F8DBE773467FE75046B0
:1006300066E70846FDE63B44023A33E7ACF1020CBC
:100640003B441CE749469CE7A1EB0901C446B1FBCA
:10065000FEF909FB04F8C4E7704700BF80B586B017
:1006600000AF87ED010AD7ED017A9FED3A7AF4EEFB
:10067000C77AF1EE10FA0DDD01228021364804F030
:100680006FF900224FF48071334804F069F97B68F8
:100690007B6129E0D7ED017A9FED307AF4EEC77ADD
:1006A000F1EE10FA11D5002280212B4804F058F900
:1006B00001224FF48071284804F052F9D7ED017AF5
:1006C000F1EE677AC7ED057A0EE00122802122481B
:1006D00004F046F901224FF480711F4804F040F9FC
:1006E0001F4B6E225A6332E0D7ED057A9FED1D7ADB
:1006F000F4EEC77AF1EE10FA01DD1B4B7B611B4B68
:100700001B68C3F1C80307EE903AF8EEE77AC7ED2D
:10071000047A164B1B6807EE903AB8EEE77AD7EDED
:10072000057A9FED106AC7EE866AD7ED047A66EE09
:10073000A77A77EE277AC7ED037AD7ED037AFCEE36
:10074000E77A17EE903ABB60054ABB6853631837E7
:10075000BD4680BD0AD7233C001002400AD723BC07
:100760000000014000004843000048430C00002006
:1007700080B586B000AF87ED010AD7ED017A9FED15
:100780003D7AF4EEC77AF1EE10FA0EDD01224FF455
:100790000071394804F0E4F800224FF480613648D3
:1007A00004F0DEF87B687B612CE0D7ED017A9FEDE9
:1007B000337AF4EEC77AF1EE10FA12D500224FF434
:1007C00000712D4804F0CCF801224FF480612A48D2
:1007D00004F0C6F8D7ED017AF1EE677AC7ED057A35
:1007E00010E001224FF40071234804F0B9F801220F
:1007F0004FF48061204804F0B3F84FF080436E223C
:100800005A6333E0D7ED057A9FED1D7AF4EEC77A8F
:10081000F1EE10FA01DD1B4B7B611B4B1B68C3F132
:10082000C80307EE903AF8EEE77AC7ED047A164B64
:100830001B6807EE903AB8EEE77AD7ED057A9FEDA0
:10084000106AC7EE866AD7ED047A66EEA77A77EE6D
:10085000277AC7ED037AD7ED037AFCEEE77A17EE35
:10086000903ABB604FF08042BB6853631837BD4677
:1008700080BD00BF0AD7233C001002400AD723BC2A
:1008800000004843000048430C00002080B584B0BD
:1008900000AF0523BB81204B3B6002F051FAB860EA
:1008A0001E4B1B88FB81B1EE040AFFF7D7FE6420C4
:1008B00002F052FA194B1B88FB80FA88FB89D31A85
:1008C00083EAE372A2EBE372BB899A420DDC9FEDEF
:1008D000140AFFF7C3FE134AFB8813803B461A46EF
:1008E0004C21114800F0A0FF0EE0FB88FB8102F0D4
:1008F00027FA0246BB68D31A41F288329342D6D90E
:100900009FED070AFFF7AAFE3B6807EE903AB0EEAC
:10091000670A1037BD4680BD000080BF88020020F6
:1009200000000000020000205C01002080B584B0BF
:1009300000AF0523BB81204B3B6002F001FAB86099
:100940001E4B5B88FB81B1EE040AFFF711FF6420A8
:1009500002F002FA194B5B88FB80FA88FB89D31AF4
:1009600083EAE372A2EBE372BB899A420DDC9FED4E
:10097000140AFFF7FDFE134AFB8813803B461A4614
:100980004221114800F050FF0EE0FB88FB8102F08D
:10099000D7F90246BB68D31A41F288329342D6D9BE
:1009A0009FED070AFFF7E4FE3B6807EE903AB0EED2
:1009B000670A1037BD4680BD000080BF8802002056
:1009C00000000000120000205C01002080B400AF95
:1009D0000E4B1B881A460E4B1B881344DA0F134428
:1009E0005B109AB20B4B1A800B4B1B881A460B4BB1
:1009F0001B881344DA0F13445B109AB2084B1A8019
:100A000000BFBD465DF8047B704700BF00000020BA
:100A100002000020A0000020100000201200002092
:100A2000A800002080B584B000AF0523BB81204B17
:100A30003B6002F085F9B8601E4B5B88FB81B9EE24
:100A4000040AFFF795FE642002F086F9194B5B88D3
:100A5000FB80FA88FB89D31A83EAE372A2EBE37284
:100A6000BB899A420DDC9FED140AFFF781FE134A01
:100A7000FB8813803B461A464221114800F0D4FE01
:100A80000EE0FB88FB8102F05BF90246BB68D31ADB
:100A900041F288329342D6D99FED070AFFF768FEEC
:100AA0003B6807EE903AB0EE670A1037BD4680BD4E
:100AB000000080BF8802002000000000100000201D
:100AC0005C01002080B584B000AF0523BB81204BC2
:100AD0003B6002F035F9B8601E4B1B88FB81B9EE14
:100AE000040AFFF7BBFD642002F036F9194B1B889E
:100AF000FB80FA88FB89D31A83EAE372A2EBE372E4
:100B0000BB899A420DDC9FED140AFFF7A7FD134A3B
:100B1000FB8813803B461A464C21114800F084FEA6
:100B20000EE0FB88FB8102F00BF90246BB68D31A8A
:100B300041F288329342D6D99FED070AFFF78EFD26
:100B40003B6807EE903AB0EE670A1037BD4680BDAD
:100B5000000080BF8802002000000000000000208C
:100B60005C01002080B58EB000AF87ED070AC7EDAD
:100B7000060A87ED051AC7ED041AF86087ED022A08
:100B80000B46FB71FB79002B09D0374ABB68136019
:100B9000364B4FF000021A604FF000035DE002F0A8
:100BA000CFF80246FB68D31A07EE903AB8EE677AA0
:100BB000DFED2F6AC7EE267AC7ED0D7AD7ED0D7AF5
:100BC000F5EEC07AF1EE10FA01D82A4B7B6397ED6F
:100BD000077AD7ED047A67EE277AC7ED0C7A97ED9E
:100BE000047AD7ED0D7A27EE277A204BD3ED007AE1
:100BF00077EE277A1D4BC3ED007A1C4BD3ED007ABC
:100C000097ED067A67EE277AC7ED0B7A164BD3ED90
:100C1000007A97ED027A77EE676A97ED0D7AC6EE65
:100C2000877AC7ED0A7AD7ED057AF1EE677A97ED04
:100C30000A7A67EE277AC7ED097A97ED0C7AD7ED35
:100C40000B7A77EE277A97ED097A77EE277AC7ED58
:100C5000087A054ABB6813603B6A07EE903AB0EE2B
:100C6000670A3837BD4680BDAC000020B0000020C8
:100C700000007A446F12833A80B58AB000AF034611
:100C80000A46FB801346BB8000237B840023FB6164
:100C900002F056F8B86102F053F87862484B4FF012
:100CA00000021A60474BD3ED007A474B93ED007A70
:100CB000464BD3ED006AFB6906EE103AB8EEC66A01
:100CC0007B8C05EE903AF8EE655A0121B0EE652A6C
:100CD000786AF0EE461AB0EE661AF0EE470AB0EE09
:100CE000670AFFF73FFF07F10C031A464521384812
:100CF00000F0E6FDD7ED037AF0EEE77AC7ED057A6E
:100D00002F4BD3ED007A97ED057AB4EEE77AF1EE4A
:100D100010FA02DD2A4A7B6913602E4B1B887B8404
:100D2000FA887B8CD31AFB61FB6983EAE372A2EB3E
:100D3000E372BB889A4204DC9FED270AFFF78EFC22
:100D40003BE0204BD3ED007A1F4B93ED007A1F4B15
:100D5000D3ED006AFB6906EE103AB8EEC66A7B8CEA
:100D600005EE903AF8EE655A0021B0EE652A786AF1
:100D7000F0EE461AB0EE661AF0EE470AB0EE670AD9
:100D8000FFF7F0FE87ED040A01F0DAFF786297EDD5
:100D9000040AFFF763FC01F0D3FF0246BB69D31AD4
:100DA00041F28832934204D99FED0B0AFFF756FCBB
:100DB00003E0012001F0D0FF95E72837BD4680BD54
:100DC000EC0200200400002008000020A400002005
:100DD0005C010020880200200000000080B58AB07D
:100DE00000AF03460A46FB801346BB8000237B848A
:100DF0000023FB6101F0A4FFB86101F0A1FF78625C
:100E0000484B4FF000021A60474BD3ED007A474B36
:100E100093ED007A464BD3ED006AFB6906EE103A7B
:100E2000B8EEC66A7B8C05EE903AF8EE655A012161
:100E3000B0EE652A786AF0EE461AB0EE661AF0EE69
:100E4000470AB0EE670AFFF78DFE07F10C031A465A
:100E50004121384800F034FDD7ED037AF0EEE77A0F
:100E6000C7ED057A2F4BD3ED007A97ED057AB4EEF6
:100E7000E77AF1EE10FA02DD2A4A7B6913602E4B05
:100E80005B887B84FA887B8CD31AFB61FB6983EADD
:100E9000E372A2EBE372BB889A4204DC9FED270A5F
:100EA000FFF766FC3BE0204BD3ED007A1F4B93ED40
:100EB000007A1F4BD3ED006AFB6906EE103AB8EEDC
:100EC000C66A7B8C05EE903AF8EE655A0021B0EECA
:100ED000652A786AF0EE461AB0EE661AF0EE470A16
:100EE000B0EE670AFFF73EFE87ED040A01F028FF27
:100EF000786297ED040AFFF73BFC01F021FF024600
:100F0000BB69D31A41F28832934204D99FED0B0A90
:100F1000FFF72EFC03E0012001F01EFF95E72837C4
:100F2000BD4680BDF0020020040000200800002023
:100F3000A40000205C0100208802002000000000C6
:100F40002DE9B04F92B000AF3961FB600346FB82E0
:100F50001346BB82634B1B889BB23B64FB8AFB63DB
:100F6000FB6800221A6001F0EBFEB86301F0E8FEB6
:100F700078640023FB8600233B635B4BD3ED007A50
:100F80005A4B93ED007A5A4BD3ED006A3B6B06EE59
:100F9000103AB8EEC66AFB8E05EE903AF8EE655A46
:100FA0000121B0EE652A786CF0EE461AB0EE661AB2
:100FB000F0EE470AB0EE670AFFF7D4FD494B1B88F5
:100FC000FB86FB8EFA6BD31A3B633B6B83EAE372BF
:100FD000A2EBE372BB8A9A4204DC9FED460AFFF75C
:100FE0003DFB7BE001F0ACFE0246BB6BD31AFB621B
:100FF0003B69002B36D0FA6B3B6CD31ABB62BB6AE1
:10100000DA1798469146FB6A00229A4693460AFBF5
:1010100009F208FB0BF31344A8FB0A452B441D46B9
:101020003B6900223B607A60D7E9002320462946CD
:10103000FFF72EF902460B463B6C13447B62FA8E97
:101040007B6AD31A3B623B6A83EAE372A2EBE372E8
:10105000FB681B68002BB8BF5B429A4202DDFB684D
:101060003A6A1A60204BD3ED007A204B93ED007A58
:101070001F4BD3ED006A3B6B06EE103AB8EEC66A22
:10108000FB8E05EE903AF8EE655A0021B0EE652A27
:10109000786CF0EE461AB0EE661AF0EE470AB0EE43
:1010A000670AFFF75FFD87ED070A01F049FE7864E4
:1010B00097ED070AFFF7D2FA01F042FE0246BB6B3A
:1010C000D31A41F28832934204D99FED0A0AFFF7FE
:1010D000C5FA03E0012001F03FFE6FE74837BD4647
:1010E000BDE8B08F88020020040000200800002026
:1010F000A4000020000000002DE9B04F92B000AF26
:101100003961FB600346FB821346BB82634B5B88FD
:101110009BB23B64FB8AFB63FB6800221A6001F010
:101120000FFEB86301F00CFE78640023FB860023F9
:101130003B635B4BD3ED007A5A4B93ED007A5A4BED
:10114000D3ED006A3B6B06EE103AB8EEC66AFB8E32
:1011500005EE903AF8EE655A0121B0EE652A786CFA
:10116000F0EE461AB0EE661AF0EE470AB0EE670AE5
:10117000FFF7F8FC494B5B88FB86FB8EFA6BD31AB2
:101180003B633B6B83EAE372A2EBE372BB8A9A4256
:1011900004DC9FED460AFFF7EBFA7BE001F0D0FD9F
:1011A0000246BB6BD31AFB623B69002B36D0FA6B4D
:1011B0003B6CD31ABB62BB6ADA1798469146FB6A4E
:1011C00000229A4693460AFB09F208FB0BF31344EC
:1011D000A8FB0A452B441D463B6900223B607A6010
:1011E000D7E9002320462946FFF752F802460B466E
:1011F0003B6C13447B62FA8E7B6AD31A3B623B6A78
:1012000083EAE372A2EBE372FB681B68002BB8BFB2
:101210005B429A4202DDFB683A6A1A60204BD3EDCA
:10122000007A204B93ED007A1F4BD3ED006A3B6BA5
:1012300006EE103AB8EEC66AFB8E05EE903AF8EE6E
:10124000655A0021B0EE652A786CF0EE461AB0EED1
:10125000661AF0EE470AB0EE670AFFF783FC87EDE7
:10126000070A01F06DFD786497ED070AFFF780FA31
:1012700001F066FD0246BB6BD31A41F288329342FD
:1012800004D99FED0A0AFFF773FA03E0012001F089
:1012900063FD6FE74837BD46BDE8B08F8802002088
:1012A0000400002008000020A4000020000000002E
:1012B00080B584B000AF124B1B8814211846FFF78D
:1012C000DBFC01F03DFDF8600E4B1B881421184635
:1012D000FFF7D2FC01F034FDB8600B4B1B680B4AE2
:1012E0001361BA68FB68D31A7B60054B1B88142115
:1012F0001846FFF7C1FC7B6818461037BD4680BD15
:101300000000002002000020EC0200208C020020DF
:1013100080B584B000AF124B1B8814211846FFF72C
:10132000ABFC01F00DFDF8600E4B1B881421184634
:10133000FFF7A2FC01F004FDB8600B4B1B680B4AE1
:10134000D361BA68FB68D31A7B60064B1B881421F3
:101350001846FFF791FC7B6818461037BD4680BDE4
:101360000200002000000020EC0200208C0200207F
:1013700080B584B000AFFFF79BFFF8601F4B1B8860
:1013800014211846FFF778FC642001F0E5FC1C4BA3
:1013900018883B461422F968FFF7D2FD184B1B88CA
:1013A0001A46164B1B88D31A07EE903AF8EEE77AE6
:1013B000C7ED027AD7ED027AF5EE407AF1EE10FA37
:1013C00002D14FF0000311E03B6807EE903AF8EECF
:1013D000E76A97ED027AC6EE877AC7ED017A074B86
:1013E0001B8814211846FFF747FC7B6807EE903AEC
:1013F000B0EE670A1037BD4680BD00BF0000002078
:101400000200002080B584B000AFFFF781FFF860D4
:101410001F4B1B8814211846FFF72EFC642001F097
:101420009BFC1C4B18883B461422F968FFF788FD8B
:10143000174B1B881A46174B1B88D31A07EE903A96
:10144000F8EEE77AC7ED027AD7ED027AF5EE407A48
:10145000F1EE10FA02D14FF0000311E03B6807EE05
:10146000903AF8EEE76A97ED027AC6EE877AC7ED12
:10147000017A084B1B8814211846FFF7FDFB7B6897
:1014800007EE903AB0EE670A1037BD4680BD00BF48
:10149000020000200000002080B584B000AF124B95
:1014A0001B8814211846FFF799FC01F049FCF860ED
:1014B0000E4B1B8814211846FFF790FC01F040FCEE
:1014C000B8600B4B1B680B4A9362BA68FB68D31A6F
:1014D0007B60054B1B8814211846FFF77FFC7B6857
:1014E00018461037BD4680BD1000002012000020B5
:1014F000F00200208C02002080B584B000AF124BB7
:101500001B8814211846FFF769FC01F019FCF860EC
:101510000E4B1B8814211846FFF760FC01F010FCED
:10152000B8600B4B1B680B4A5363BA68FB68D31A4D
:101530007B60064B1B8814211846FFF74FFC7B6825
:1015400018461037BD4680BD120000201000002054
:10155000F00200208C02002080B584B000AFFFF7BD
:101560009BFFF8601F4B1B8814211846FFF736FCC1
:10157000642001F0F1FB1C4B18883B461422F968EB
:10158000FFF7BAFD184B1B881A46164B1B88D31A57
:1015900007EE903AF8EEE77AC7ED027AD7ED027AD5
:1015A000F5EE407AF1EE10FA02D14FF0000311E0AF
:1015B0003B6807EE903AF8EEE76A97ED027AC6EEDE
:1015C000877AC7ED017A074B1B8814211846FFF76D
:1015D00005FC7B6807EE903AB0EE670A1037BD460F
:1015E00080BD00BF100000201200002080B584B034
:1015F00000AFFFF781FFF8601F4B1B8814211846CE
:10160000FFF7ECFB642001F0A7FB1C4B18883B465E
:101610001422F968FFF770FD174B1B881A46174B09
:101620001B88D31A07EE903AF8EEE77AC7ED027AF4
:10163000D7ED027AF5EE407AF1EE10FA02D14FF0D2
:10164000000311E03B6807EE903AF8EEE76A97ED89
:10165000027AC6EE877AC7ED017A084B1B881421FF
:101660001846FFF7BBFB7B6807EE903AB0EE670ABF
:101670001037BD4680BD00BF1200002010000020C2
:1016800080B58AB004AF78600B467B807B885B00B6
:1016900099B25A4B1B680A22786803F0EBFD0346A7
:1016A000002B04D0564807F09BF80123A1E05548D1
:1016B00007F096F8642001F04FFB4FF40043FB82E3
:1016C000FB8A1B0A9BB2DBB23B74FB8ADBB27B74E6
:1016D0007B885B0099B2642302930223019307F194
:1016E0001003009301230022786803F097FA034661
:1016F000002B04D0444807F073F8012379E005205B
:1017000001F02AFB414807F06BF845233B7427237F
:101710007B747B885B0099B2384B1B680293022371
:10172000019307F11003009301230022786803F06E
:1017300075FA0346002B04D0354807F051F8012311
:1017400057E0344807F04CF8642001F005FB40F600
:101750001B531B0A9BB2DBB23B7440F61B53DBB23C
:101760007B747B885B0099B2244B1B680293022335
:10177000019307F11003009301230522786803F019
:101780004DFA0346002B04D0234807F029F8012323
:101790002FE0224807F024F8642001F0DDFA7B886E
:1017A0005B0099B2154B1B6802930223019307F16A
:1017B0000C03009301230022786803F029FB034601
:1017C000002B15D13B7B1BB21B021AB27B7B1BB2D9
:1017D00013431BB2BB82BB8A1946114806F090FF27
:1017E000BB8A44F22752934202D00E4806F0F8FF1B
:1017F000002318461837BD4680BD00BF14000020E6
:10180000CC930008EC930008049400082C94000882
:101810006C9400088C940008B4940008D4940008D8
:10182000F89400081095000880B58AB004AFF860FD
:101830000B467A607B817B895B0099B21B4B1B68EE
:1018400002930223019307F1140300930123022260
:10185000F86803F0DDFA0346002B04D0144806F0C4
:10186000BFFF01231DE03B7D1BB21B021AB27B7D33
:101870001BB213431BB2FB82FB8A19460D4806F0CC
:101880003FFFFB8A07EE903AF8EEE77A9FED0A7A7F
:1018900067EE877A7B68C3ED007A084806F0A0FF00
:1018A000002318461837BD4680BD00BF1400002035
:1018B0002C950008609500080AD7A33A7C9500088B
:1018C00080B58AB004AFF8600B467A607B817B8973
:1018D0005B0099B2184B1B6802930223019307F136
:1018E0001403009301230422F86803F091FA0346DD
:1018F000002B04D0114806F073FF012318E03B7D54
:101900001BB21B021AB27B7D1BB21343FB82B7F9D9
:10191000163007EE903AF8EEE77A9FED097A67EE17
:10192000877A7B68C3ED007A064806F059FF0023EA
:1019300018461837BD4680BD14000020B895000831
:1019400000008037EC95000880B584B000AF786067
:10195000174806F045FF0023FB730123BB8117E006
:10196000BB895B0099B232230222786803F082FCC3
:101970000346FB72FB7A002B07D1BB8919460D4841
:1019800006F0BEFEFB7B0133FB73BB890133BB81D9
:10199000BB897F2BE4D9FB7B002B02D1064806F0E4
:1019A0001FFF064806F01CFF00BF1037BD4680BD74
:1019B0006096000880960008B4960008E896000833
:1019C00080B582B000AF01F055F900F091FA00F057
:1019D00039FD00F017FD00F0F5FA00F075FC00F09D
:1019E000E7FC00F0A3FB00F0CFFBB74801F076F86E
:1019F0000222B649B64801F027FB0021B54804F0A1
:101A00005BFE0021B44804F057FEB448FFF79CFF8A
:101A10004FF47A7001F0A0F94521B048FFF730FE8D
:101A20000346002B02D0AE4806F0DAFEAD4806F0C1
:101A3000D7FE642001F090F94121A848FFF720FE6D
:101A40000346002B02D0A84806F0CAFEA74806F0BD
:101A5000C7FE642001F080F94C21A048FFF710FE7A
:101A60000346002B02D0A24806F0BAFEA14806F0B9
:101A7000B7FE642001F070F942219848FFF700FE9C
:101A80000346002B02D09C4806F0AAFE9B4806F0B5
:101A9000A7FE642001F060F9994806F0A1FE01F06C
:101AA00033F80346002B00F0908001F039F83860DD
:101AB000944806F095FE944B1B689B68184606F008
:101AC00049FD92493868FEF783FB0346002B0CD191
:101AD0008F4806F085FE8C4B1B689B68184606F005
:101AE00039FD8C4B00221A706DE08B493868FEF787
:101AF0006FFB0346002B0CD1884806F071FE824B29
:101B00001B689B68184606F025FD824B01221A705F
:101B100059E083493868FEF75BFB0346002B0CD184
:101B2000804806F05DFE784B1B689B68184606F0FF
:101B300011FD784B02221A7045E07B493868FEF7A8
:101B400047FB0346002B0CD1784806F049FE6E4B4C
:101B50001B689B68184606F0FDFC6E4B03221A704A
:101B600031E073493868FEF733FB0346002B0CD194
:101B7000704806F035FE644B1B689B68184606F0FB
:101B8000E9FC644B04221A701DE06B493868FEF7CB
:101B90001FFB0346002B0CD1684806F021FE5A4B70
:101BA0001B689B68184606F0D5FC5A4B05221A7034
:101BB00009E03968624806F0A3FD534B1B689B6837
:101BC000184606F0C7FC00F0B5FF524B1B78DBB29D
:101BD000002B40F0E780602200215A4806F0E0FE2A
:101BE000FEF754FEF0EE407A564BC3ED117AFEF745
:101BF00019FFF0EE407A534BC3ED127AFEF762FF05
:101C0000F0EE407A4F4BC3ED107AFEF78FFEF0EE08
:101C1000407A4C4BC3ED137AFEF7D8FEFFF748FB32
:101C200007EE900AB8EE677ADFED476AC7EE267ACC
:101C3000444BC3ED007AFFF76BFB07EE900AB8EE5A
:101C4000677ADFED416AC7EE267A3E4BC3ED017A33
:101C5000FFF722FC07EE900AB8EE677ADFED3A6AEA
:101C6000C7EE267A374BC3ED027AFFF745FC07EE45
:101C7000900AB8EE677ADFED346AC7EE267A314B08
:101C8000C3ED037AFFF774FBF0EE407A2D4BC3ED02
:101C9000147AFFF7B7FBF0EE407A2A4BC3ED157AC2
:101CA000FFF75AFCF0EE407A264BC3ED167AFFF7A9
:101CB0009DFCF0EE407A234BC3ED177A234806F0E3
:101CC0001FFD00237B605DE04002002088020020B1
:101CD000B4000020F8010020B00100205C010020C9
:101CE00040970008649700088C970008B097000898
:101CF000D8970008F89700081C9800083C9800083E
:101D00006098000880980008340000209C98000823
:101D1000B098000818000020D8980008E89800083B
:101D2000109900081C99000854990008609900084F
:101D300098990008A4990008DC990008E89900081F
:101D4000209A00088C02002000007A44509A000873
:101D5000594A7B689B001344D3ED007A9FED577A74
:101D600067EE877AFDEEE77A17EE901A544806F090
:101D7000C7FC7B68162B02DC2C2006F0D3FC7B68AA
:101D800001337B607B68172BE2DD0A2006F0CAFC7A
:101D90004C4B1B689B68184606F0DCFB4A4B012243
:101DA0001A7084E0484B1B78DBB2022B18D14748ED
:101DB00006F016FD464B1B8814211846FEF75CFF03
:101DC000444B1B8814211846FFF708F83D4B1B684D
:101DD0009B68184606F0BEFB3B4B01221A7066E07A
:101DE000394B1B78DBB2032B18D13B4806F0F8FCCB
:101DF000374B1B8814211846FEF73EFF374B1B88D4
:101E000014211846FEF7EAFF2E4B1B689B68184604
:101E100006F0A0FB2C4B01221A7048E02A4B1B78DD
:101E2000DBB2042B18D12E4806F0DAFC2D4B1B88B0
:101E300014211846FEF720FF264B1B881421184654
:101E4000FEF7CCFF1F4B1B689B68184606F082FB11
:101E50001D4B01221A702AE01B4B1B78DBB2052BAD
:101E60001CD1214806F0BCFC1E4B1B8814211846CF
:101E7000FEF702FF4FF4FA6000F06EFF174B1B886D
:101E800014211846FEF7AAFF0E4B1B689B681846E4
:101E900006F060FB0C4B01221A7008E0134806F0B4
:101EA0009FFC084B1B689B68184606F053FB4FF4D9
:101EB000FA7000F051FFEFE58C02002000007A4438
:101EC000589A000834000020180000205C9A00088E
:101ED0000000002010000020889A00081200002056
:101EE000B49A000802000020E09A00080C9B000849
:101EF00080B594B000AF07F12003302200211846CE
:101F000006F04EFD07F10C0300221A605A609A6039
:101F1000DA601A610023BB60284B1B6C274A43F030
:101F200080531364254B1B6C03F08053BB60BB686C
:101F300000237B60224B1B68214A43F480431360DB
:101F40001F4B1B6803F480437B607B6801233B626B
:101F50004FF480337B620223BB634FF48003FB6347
:101F600008233B644FF4A8737B640423BB640723FA
:101F7000FB6407F12003184603F05EFE0346002BC6
:101F800001D000F0CDFA0F23FB6002233B61002358
:101F90007B614FF48053BB610023FB6107F10C03AD
:101FA0000221184604F0C0F80346002B01D000F0CF
:101FB000B7FA00BF5037BD4680BD00BF00380240B1
:101FC0000070004080B592B000AF07F130030022EE
:101FD0001A605A609A60DA601A615A6107F1200348
:101FE00000221A605A609A60DA603B462022002183
:101FF000184606F0D5FC484B484A1A60464B4FF449
:1020000080325A60444B00229A60434B01221A618D
:10201000414B01221A76404B002283F820203E4B90
:102020000022DA623C4B3E4A9A623B4B0022DA6065
:10203000394B0222DA61384B012283F83020364BCB
:1020400000225A61344800F0ABFE0346002B01D059
:1020500000F066FA334B3B6300237B630023BB63D2
:102060000123FB63012387F8403007F13003194651
:10207000294801F047FA0346002B01D000F050FA3E
:1020800001233B6201237B620723BB6207F120032C
:102090001946214801F014F90346002B01D000F045
:1020A0003FFA02233B6202237B6207F120031946B9
:1020B000194801F005F90346002B01D000F030FA71
:1020C00002233B6001237B6002233B610023BB6052
:1020D0000023FB61144BBB6100237B7500233B7520
:1020E0000023FB603B4619460B4801F0F3FB034617
:1020F000002B01D000F014FA02237B603B46194606
:10210000054801F0E7FB0346002B01D000F008FA78
:1021100000BF4837BD4680BDB4000020002001400C
:102120000100000F0002800001000F0080B500AF29
:10213000124B134A1A60114B124A5A600F4B00227D
:102140009A600E4B0022DA600C4B4FF480421A6109
:102150000A4B00225A61094B00229A61074B002268
:10216000DA61064B00221A62044802F013FC0346AF
:10217000002B01D000F0D4F900BF80BD5C0100202D
:1021800000540040A086010080B596B000AF07F172
:10219000480300221A605A609A60DA6007F140032F
:1021A00000221A605A6007F1240300221A605A6064
:1021B0009A60DA601A615A619A613B1D20220021FF
:1021C000184606F0EDFB3E4B3E4A1A603C4B45225A
:1021D0005A603B4B00229A60394BC722DA60384B79
:1021E00000221A61364B00225A61354B00229A6157
:1021F000334804F0B9F90346002B01D000F090F900
:102200004FF48053BB6407F1480319462C4804F08F
:10221000DDFB0346002B01D000F082F9284804F0D2
:10222000F2F90346002B01D000F07AF900233B6459
:1022300000237B6407F140031946214804F0A4FF02
:102240000346002B01D000F06BF960237B62002372
:10225000BB620023FB6200233B6300237B630023FC
:10226000BB630023FB6307F12403002219461448D3
:1022700004F0EAFA0346002B01D000F051F90023E4
:102280007B600023BB600023FB6000233B610023D5
:102290007B614FF40053BB6100233B623B1D194639
:1022A000074804F0EDFF0346002B01D000F038F999
:1022B000034800F061FA00BF5837BD4680BD00BF3B
:1022C000B00100200000014080B58EB000AF07F1E2
:1022D000280300221A605A609A60DA6007F120032E
:1022E00000221A605A603B1D00221A605A609A60F0
:1022F000DA601A615A619A612C4B4FF080421A6081
:102300002A4B45225A60294B00229A60274BC7224C
:10231000DA60264B00221A61244B00229A6123487E
:1023200004F022F90346002B01D000F0F9F84FF435
:102330008053BB6207F1280319461C4804F046FB92
:102340000346002B01D000F0EBF8184804F05BF9CD
:102350000346002B01D000F0E3F800233B6200238A
:102360007B6207F120031946104804F00DFF034675
:10237000002B01D000F0D4F860237B600023BB6009
:102380000023FB6000237B613B1D002219460748A8
:1023900004F05AFA0346002B01D000F0C1F80348BC
:1023A00000F0EAF900BF3837BD4680BDF8010020D3
:1023B00080B500AF114B124A1A60104B4FF4E13256
:1023C0005A600E4B00229A600C4B0022DA600B4BD5
:1023D00000221A61094B0C225A61084B00229A61B3
:1023E000064B0022DA61054804F09CFF0346002BEF
:1023F00001D000F095F800BF80BD00BF4002002072
:102400000044004080B582B000AF00237B600C4BDD
:102410001B6B0B4A43F480031363094B1B6B03F4E0
:1024200080037B607B6800220021382001F0C3FC20
:10243000382001F0DCFC00BF0837BD4680BD00BF7E
:102440000038024080B58AB000AF07F114030022C3
:102450001A605A609A60DA601A6100233B612E4B61
:102460001B6B2D4A43F0800313632B4B1B6B03F054
:1024700080033B613B690023FB60274B1B6B264AB3
:1024800043F001031363244B1B6B03F00103FB6058
:10249000FB680023BB60204B1B6B1F4A43F01003FB
:1024A00013631D4B1B6B03F01003BB60BB68002361
:1024B0007B60194B1B6B184A43F008031363164BE0
:1024C0001B6B03F008037B607B6800233B60124BAF
:1024D0001B6B114A43F0020313630F4B1B6B03F09A
:1024E00002033B603B6800224FF4F0610B4802F0AE
:1024F00037FA4FF4F0637B610123BB610023FB617A
:1025000000233B6207F114031946044802F08CF8DB
:1025100000BF2837BD4680BD003802400010024091
:1025200080B400AF72B600BF00BFFDE780B582B0D7
:1025300000AF00237B60104B5B6C0F4A43F4804379
:1025400053640D4B5B6C03F480437B607B6800231A
:102550003B60094B1B6C084A43F080531364064BE5
:102560001B6C03F080533B603B68072001F018FCB4
:1025700000BF0837BD4680BD0038024080B58AB034
:1025800000AF786007F1140300221A605A609A6065
:10259000DA601A617B681B68334A93425FD100237B
:1025A0003B61324B5B6C314A43F4807353642F4B75
:1025B0005B6C03F480733B613B690023FB602B4B36
:1025C0001B6B2A4A43F001031363284B1B6B03F078
:1025D0000103FB60FB6806237B610323BB610023CF
:1025E000FB6107F114031946214802F01DF8214B45
:1025F000214A1A601F4B00225A601E4B00229A602B
:102600001C4B0022DA601B4B4FF480621A61194B9D
:102610004FF400625A61174B4FF400529A61154B08
:102620004FF48072DA61134B00221A62114B0022C0
:102630005A62104801F0F6FB0346002B01D0FFF769
:102640006FFF7B680B4A9A630A4A7B689363002298
:102650000021122001F0AFFB122001F0C8FB00BFE7
:102660002837BD4680BD00BF002001400038024031
:1026700000000240FC0000201064024080B58AB0D7
:1026800000AF786007F1140300221A605A609A6064
:10269000DA601A617B681B68194A93422BD10023C8
:1026A0003B61184B1B6B174A43F002031363154B36
:1026B0001B6B03F002033B613B69C0237B61122368
:1026C000BB610023FB6103233B6204237B6207F1B0
:1026D000140319460C4801F0A7FF0023FB60094BC7
:1026E0001B6C084A43F400131364064B1B6C03F481
:1026F0000013FB60FB6800BF2837BD4680BD00BFEC
:1027000000540040003802400004024080B485B00C
:1027100000AF78607B681B68154A93420ED1002396
:10272000FB60144B5B6C134A43F001035364114B81
:102730005B6C03F00103FB60FB6812E07B681B68C5
:10274000B3F1804F0DD10023BB600A4B1B6C094ACB
:1027500043F001031364074B1B6C03F00103BB60E0
:10276000BB6800BF1437BD465DF8047B704700BFEF
:10277000000001400038024080B58AB000AF7860A8
:1027800007F1140300221A605A609A60DA601A6135
:102790007B681B68244A93421FD100233B61234B73
:1027A0001B6B224A43F001031363204B1B6B03F0A6
:1027B00001033B613B694FF480737B610223BB6182
:1027C0000023FB6100233B6201237B6207F11403BA
:1027D0001946174801F028FF22E07B681B68B3F117
:1027E000804F1DD10023FB60104B1B6B0F4A43F041
:1027F000010313630D4B1B6B03F00103FB60FB68CC
:1028000001237B610223BB610023FB6100233B6248
:1028100001237B6207F114031946054801F004FF08
:1028200000BF2837BD4680BD00000140003802408F
:102830000000024080B58AB000AF786007F1140351
:1028400000221A605A609A60DA601A617B681B681D
:102850001D4A934233D100233B611C4B1B6C1B4A26
:1028600043F400331364194B1B6C03F400333B61D6
:102870003B690023FB60154B1B6B144A43F00803B4
:102880001363124B1B6B03F00803FB60FB686023B0
:102890007B610223BB610023FB6103233B620723AF
:1028A0007B6207F114031946094801F0BDFE0022BE
:1028B0000021262001F07FFA262001F098FA00BFBF
:1028C0002837BD4680BD00BF0044004000380240AC
:1028D000000C024080B400AF00BFFDE780B400AF41
:1028E00000BFFDE780B400AF00BFFDE780B400AFDC
:1028F00000BFFDE780B400AF00BFFDE780B400AFCC
:1029000000BFBD465DF8047B704780B400AF00BFD8
:10291000BD465DF8047B704780B400AF00BFBD4684
:102920005DF8047B704780B500AF00F0F5F900BF9B
:1029300080BD000080B500AF024800F074FA00BF0F
:1029400080BD00BFB400002080B500AF024804F095
:10295000E9FD00BF80BD00BF4002002080B500AF90
:10296000024801F0F7FB00BF80BD00BFFC00002063
:1029700080B586B000AFF860B9607A6000237B61F3
:102980000AE0AFF300800146BB685A1CBA60CAB2C5
:102990001A707B6901337B617A697B689A42F0DB4C
:1029A0007B6818461837BD4680BD80B586B000AF3D
:1029B000F860B9607A6000237B6109E0BB685A1C4B
:1029C000BA601B78184600F017F97B6901337B6108
:1029D0007A697B689A42F1DB7B6818461837BD46F6
:1029E00080BD80B483B000AF78604FF0FF331846ED
:1029F0000C37BD465DF8047B704780B483B000AFF0
:102A0000786039603B684FF400525A6000231846E2
:102A10000C37BD465DF8047B704780B483B000AFCF
:102A20007860012318460C37BD465DF8047B70477B
:102A300080B485B000AFF860B9607A6000231846B2
:102A40001437BD465DF8047B7047000080B586B042
:102A500000AF7860144A154BD31A7B617B693B61E8
:102A6000134B1B68002B02D1114B124A1A60104BFA
:102A70001A687B6813443A699A4207D205F0DEFF70
:102A800003460C221A604FF0FF3309E0084B1B6825
:102A9000FB60074B1A687B681344054A1360FB68A8
:102AA00018461837BD4680BD000002200004000013
:102AB000F40200209804002080B400AF064BD3F845
:102AC0008830054A43F47003C2F8883000BFBD4621
:102AD0005DF8047B704700BF00ED00E080B582B078
:102AE00000AF7860064A7B681360054B1B680122C3
:102AF0000449184604F0F1FC00BF0837BD4680BD0C
:102B0000F8020020FC02002080B400AF034B1B78C9
:102B1000DBB21846BD465DF8047B704741030020D8
:102B200080B400AF024B1846BD465DF8047B704789
:102B30000003002080B500AF064B00221A70064B40
:102B400000221A7040220021044805F029FF00BF2E
:102B500080BD00BF4103002040030020000300208F
:102B600080B582B000AF78607B681A681D4B1B6827
:102B70001B689A4232D11C4B1B78DBB20A2B04D063
:102B8000194B1B78DBB20D2B0FD1184B1B78DBB226
:102B9000002B1CD0154B1B78DBB21A46144B0021BE
:102BA0009954144B01221A7011E0104B1B78DBB2C0
:102BB0003E2B0CD80D4B1B78DBB25A1CD1B20B4A02
:102BC00011701A46084B1B78D9B2094B9954054B22
:102BD0001B6801220449184604F07FFC00BF083737
:102BE000BD4680BDF8020020FC020020400300200A
:102BF000000300204103002080B582B000AF786060
:102C0000064B1868391D4FF0FF33012204F0DAFB40
:102C10007B6818460837BD4680BD00BFF80200201B
:102C2000DFF834D0FFF748FF0C480D490D4A002368
:102C300002E0D458C4500433C4188C42F9D30A4A71
:102C40000A4C002301E013600432A242FBD305F0DA
:102C5000FBFEFEF7B5FE70470000022000000020DA
:102C600084000020A09B0008840000209404002021
:102C7000FEE7000080B500AF0E4B1B680D4A43F421
:102C8000007313600B4B1B680A4A43F480631360A4
:102C9000084B1B68074A43F480731360032001F05C
:102CA0007FF8002000F008F8FFF740FC00231846EA
:102CB00080BD00BF003C024080B582B000AF7860AC
:102CC000124B1A68124B1B7819464FF47A73B3FBF8
:102CD000F1F3B2FBF3F3184601F097F80346002B2B
:102CE00001D001230EE07B680F2B0AD800227968FF
:102CF0004FF0FF3001F05FF8064A7B681360002355
:102D000000E0012318460837BD4680BD1C000020A6
:102D1000240000202000002080B400AF064B1B7868
:102D20001A46064B1B681344044A136000BFBD4695
:102D30005DF8047B704700BF24000020440300209E
:102D400080B400AF034B1B681846BD465DF8047B9A
:102D5000704700BF4403002080B584B000AF7860A6
:102D6000FFF7EEFFB8607B68FB60FB68B3F1FF3FE5
:102D700005D00A4B1B781A46FB681344FB6000BF62
:102D8000FFF7DEFF0246BB68D31AFA689A42F7D80B
:102D900000BF00BF1037BD4680BD00BF240000202B
:102DA00080B584B000AF78600023FB737B68002B94
:102DB00001D1012333E07B681B6C002B09D17868BB
:102DC000FFF7DCFB7B6800225A647B68002283F8F3
:102DD0003C207B681B6C03F01003002B18D17B6830
:102DE0001B6C23F4885323F0020343F002027B6838
:102DF0001A64786800F0E6FB7B6800225A647B68FE
:102E00001B6C23F0030343F001027B681A6401E0AA
:102E10000123FB737B68002283F83C20FB7B184670
:102E20001037BD4680BD80B586B000AF7860002306
:102E30007B6100233B617B681B681B68FB607B68D0
:102E40001B685B68BB60FB6803F002037B61BB68C7
:102E500003F020033B617B69002B49D03B69002BC9
:102E600046D07B681B6C03F01003002B05D17B68F8
:102E70001B6C43F400727B681A647B681B689B6858
:102E800003F04053002B2BD17B681B7E002B27D1F6
:102E90007B681B68DB6A03F47003002B06D07B6839
:102EA0001B689B6803F48063002B19D17B681B6847
:102EB0005A687B681B6822F020025A607B681B6C92
:102EC00023F480727B681A647B681B6C03F4805364
:102ED000002B05D17B681B6C43F001027B681A64F0
:102EE000786800F0C5F97B681B686FF012021A6001
:102EF000FB6803F004037B61BB6803F080033B6164
:102F00007B69002B57D03B69002B54D07B681B6C2E
:102F100003F01003002B05D17B681B6C43F40052B7
:102F20007B681A647B681B689B6803F44013002B62
:102F300039D17B681B689B6B03F44013002B06D0D0
:102F40007B681B689B6803F48063002B2BD17B6834
:102F50001B685B6803F48063002B24D17B681B68CB
:102F60009B6803F04053002B1DD17B681B7E002B18
:102F700019D17B681B685A687B681B6822F0800245
:102F80005A607B681B6C23F480527B681A647B68F0
:102F90001B6C03F48073002B05D17B681B6C43F022
:102FA00001027B681A64786800F08AFC7B681B6801
:102FB0006FF00C021A60FB6803F001037B61BB68D1
:102FC00003F040033B617B69002B17D03B69002B6A
:102FD00014D07B681B681B6803F00103012B0DD123
:102FE0007B681B6C43F480327B681A64786800F05D
:102FF00053F97B681B686FF001021A60FB6803F0ED
:1030000020037B61BB6803F080633B617B69002B1D
:1030100015D03B69002B12D07B685B6C43F0020239
:103020007B685A647B681B686FF020021A607868BE
:1030300000F03CF97B681B686FF020021A6000BF4B
:103040001837BD4680BD000080B588B000AFF8607D
:10305000B9607A6000237B610023FB77FB6893F8FB
:103060003C30012B01D10223EBE0FB68012283F805
:103070003C20FB681B689B6803F00103012B18D000
:10308000FB681B689A68FB681B6842F001029A6043
:103090006E4B1B686E4AA2FB03239A0C13465B001F
:1030A00013447B6102E07B69013B7B617B69002B00
:1030B000F9D1FB681B689B6803F48073B3F5807FCC
:1030C00007D1FB681B689A68FB681B6822F4807252
:1030D0009A60FB681B689B6803F00103012B40F0BA
:1030E000A380FB681B6C23F4E06323F0010343F42B
:1030F0008072FB681A64FB681B685B6803F480637A
:10310000002B07D0FB681B6C23F4405343F4805220
:10311000FB681A64FB681B6C03F48053B3F5805F93
:1031200006D1FB685B6C23F00602FB685A6402E080
:10313000FB6800225A64FB68002283F83C20454B60
:10314000BB61FB689B6B444ADA63FB689B6B434A39
:103150001A64FB689B6B424ADA64FB681B686FF079
:1031600022021A60FB681B685A68FB681B6842F001
:1031700080625A60FB681B689A68FB681B6842F4AF
:1031800080729A60FB68986BFB681B684C33194629
:10319000BA687B6800F0F4FE0346FB77BB695B68A6
:1031A00003F01F03002B2AD1FB681B682D4A9342B2
:1031B00015D0FB681B682C4A934205D1254B5B68F0
:1031C00003F01F03002B0AD0FB681B68274A9342B9
:1031D00036D1204B5B6803F01003002B30D1FB6825
:1031E0001B689B6803F04053002B29D1FB681B68C8
:1031F0009A68FB681B6842F080429A6020E0FB6896
:103200001B68184A93421BD1FB681B689B6803F03C
:103210004053002B14D1FB681B689A68FB681B683D
:1032200042F080429A600BE0FB681B6C43F0100296
:10323000FB681A64FB685B6C43F00102FB685A642C
:10324000FB7F18462037BD4680BD00BF1C00002014
:1032500083DE1B4300230140BD3700087738000898
:103260009338000800200140002101400022014065
:1032700080B483B000AF786000BF0C37BD465DF806
:10328000047B704780B483B000AF786000BF0C3718
:10329000BD465DF8047B704780B483B000AF7860B2
:1032A00000BF0C37BD465DF8047B704780B483B027
:1032B00000AF786000BF0C37BD465DF8047B7047F7
:1032C00080B485B000AF786039600023BB607B6854
:1032D00093F83C30012B01D1022305E17B680122E8
:1032E00083F83C203B681B68092B25D97B681B6849
:1032F000D9683B681B689BB21A4613465B001344AF
:103300001E3B072202FA03F3DA437B681B680A407C
:10331000DA607B681B68D9683B689A683B681B6801
:103320009BB2184603465B0003441E3B9A407B68F1
:103330001B680A43DA6022E07B681B6819693B68F6
:103340001B689BB21A4613465B001344072202FA1D
:1033500003F3DA437B681B680A401A617B681B68C9
:1033600019693B689A683B681B689BB2184603461C
:103370005B0003449A407B681B680A431A613B6800
:103380005B68062B24D87B681B68596B3B685A68BE
:1033900013469B001344053B1F2202FA03F3DA4352
:1033A0007B681B680A405A637B681B68596B3B68E3
:1033B0001B689BB218463B685A6813469B0013442F
:1033C000053B00FA03F27B681B680A435A634CE032
:1033D0003B685B680C2B24D87B681B68196B3B68C7
:1033E0005A6813469B001344233B1F2202FA03F33F
:1033F000DA437B681B680A401A637B681B68196B99
:103400003B681B689BB218463B685A6813469B0092
:103410001344233B00FA03F27B681B680A431A63D8
:1034200023E07B681B68D96A3B685A6813469B0097
:103430001344413B1F2202FA03F3DA437B681B6803
:103440000A40DA627B681B68D96A3B681B689BB2DA
:1034500018463B685A6813469B001344413B00FAE8
:1034600003F27B681B680A43DA62224BFB607B68CD
:103470001B68214A934209D13B681B68122B05D176
:10348000FB685B6843F48002FB685A607B681B68DA
:10349000194A934223D13B681B68102B03D03B6829
:1034A0001B68112B1BD1FB685B6843F40002FB68AF
:1034B0005A603B681B68102B11D1104B1B68104AD7
:1034C000A2FB03239A0C13469B0013445B00BB60D2
:1034D00002E0BB68013BBB60BB68002BF9D17B6895
:1034E000002283F83C20002318461437BD465DF8BF
:1034F000047B704700230140002001401C00002095
:1035000083DE1B4380B483B000AF786039607B6892
:1035100093F83C30012B01D102234DE07B6801225E
:1035200083F83C203B681B7C012B08D17B681B681F
:103530005A687B681B6842F040025A6007E07B686B
:103540001B685A687B681B6822F040025A607B68DF
:103550001B685B687A68126823F4400323F40073E5
:1035600053607B681B6859683B681A687B681B68F6
:103570000A435A607B681B683A6852685A627B68E3
:103580001B683A6892689A627B681B685A687B6815
:103590001B6822F01F025A607B681B685A683B68F0
:1035A000DB689BB219467B681B680A435A607B68DC
:1035B000002283F83C20002318460C37BD465DF8F6
:1035C000047B704780B485B000AF7860794BFB60B6
:1035D000FB685B6823F44032FB685A60FB685A68FA
:1035E0007B685B681A43FB685A607B681B685A6893
:1035F0007B681B6822F480725A607B681B6859687C
:103600007B681B691A027B681B680A435A607B68E7
:103610001B685A687B681B6822F040725A607B689E
:103620001B6859687B689A687B681B680A435A6004
:103630007B681B689A687B681B6822F400629A604A
:103640007B681B6899687B68DA687B681B680A433B
:103650009A607B689B6A584A934222D07B681B68B9
:103660009A687B681B6822F070629A607B681B68AE
:1036700099687B689A6A7B681B680A439A607B68D2
:103680001B689A687B681B6822F040529A607B68CE
:103690001B6899687B68DA6A7B681B680A439A60D2
:1036A0000FE07B681B689A687B681B6822F0706279
:1036B0009A607B681B689A687B681B6822F040529E
:1036C0009A607B681B689A687B681B6822F002021C
:1036D0009A607B681B6899687B681B7E5A007B68D0
:1036E0001B680A439A607B6893F82030002B1BD03C
:1036F0007B681B685A687B681B6842F400625A60EA
:103700007B681B685A687B681B6822F460425A60B9
:103710007B681B6859687B685B6A013B5A037B685E
:103720001B680A435A6007E07B681B685A687B681D
:103730001B6822F400625A607B681B68DA6A7B6847
:103740001B6822F47002DA627B681B68D96A7B68A6
:10375000DB69013B1A057B681B680A43DA627B68F8
:103760001B689A687B681B6822F400729A607B6809
:103770001B6899687B6893F830305A027B681B6835
:103780000A439A607B681B689A687B681B6822F40E
:1037900080629A607B681B6899687B685B699A02A3
:1037A0007B681B680A439A6000BF1437BD465DF80A
:1037B000047B7047002301400100000F80B584B0F6
:1037C00000AF78607B689B6BFB60FB681B6C03F051
:1037D0005003002B3CD1FB681B6C43F40072FB6868
:1037E0001A64FB681B689B6803F04053002B2BD1C5
:1037F000FB681B7E002B27D1FB681B68DB6A03F488
:103800007003002B06D0FB681B689B6803F4806381
:10381000002B19D1FB681B685A68FB681B6822F0F3
:1038200020025A60FB681B6C23F48072FB681A64E8
:10383000FB681B6C03F48053002B05D1FB681B6CE9
:1038400043F00102FB681A64F868FFF711FD0EE00F
:10385000FB681B6C03F01003002B03D0F868FFF724
:1038600025FD04E0FB689B6BDB6C7868984700BF24
:103870001037BD4680BD80B584B000AF78607B68EE
:103880009B6BFB60F868FFF7FDFC00BF1037BD467F
:1038900080BD80B584B000AF78607B689B6BFB60B7
:1038A000FB6840221A64FB685B6C43F00402FB680F
:1038B0005A64F868FFF7FAFC00BF1037BD4680BDB8
:1038C00080B483B000AF786000BF0C37BD465DF8B0
:1038D000047B704780B485B000AF786039607B6846
:1038E00093F83C30012B01D102237DE17B6801225A
:1038F00083F83C203B681B68092B25D97B681B6833
:10390000D9683B681B689BB21A4613465B00134498
:103910001E3B072202FA03F3DA437B681B680A4066
:10392000DA607B681B68D9683B689A683B681B68EB
:103930009BB2184603465B0003441E3B9A407B68DB
:103940001B680A43DA6022E07B681B6819693B68E0
:103950001B689BB21A4613465B001344072202FA07
:1039600003F3DA437B681B680A401A617B681B68B3
:1039700019693B689A683B681B689BB21846034606
:103980005B0003449A407B681B680A431A617B68AA
:103990001B689A6B7B681B6822F440129A637B68F1
:1039A0001B68996B3B681B69013B1A057B681B68A8
:1039B0000A439A637B681B68996B3B685B68DAB261
:1039C0003B681B69DBB2D31ADBB20333DBB21A46A6
:1039D00013469B0013441F2202FA03F3DA437B6869
:1039E0001B680A409A637B681B68996B3B681B687D
:1039F0009BB218463B685B68DAB23B681B69DBB276
:103A0000D31ADBB20333DBB21A4613469B001344CE
:103A100000FA03F27B681B680A439A633B689B6960
:103A2000744A934222D07B681B689A687B681B6843
:103A300022F470229A607B681B6899683B689A69D7
:103A40007B681B680A439A607B681B689A687B687E
:103A50001B6822F440129A607B681B6899683B6877
:103A6000DA697B681B680A439A600FE07B681B6811
:103A70009A687B681B6822F470229A607B681B68D6
:103A80009A687B681B6822F440129A603B685B7DF1
:103A9000002B08D07B681B685A687B681B6842F45F
:103AA00080625A6007E07B681B685A687B681B6805
:103AB00022F480625A603B681B7D002B08D07B6833
:103AC0001B685A687B681B6842F480525A6007E0A2
:103AD0007B681B685A687B681B6822F480525A60B6
:103AE0003B685B68032B2ED0032B40D8012B02D000
:103AF000022B14D03BE07B681B685B697A68126814
:103B000023F47F6323F00F0353617B681B685969BB
:103B10003B68DA687B681B680A435A613BE07B6854
:103B20001B689B697A68126823F47F6323F00F0394
:103B300093617B681B6899693B68DA687B681B68DE
:103B40000A439A6127E07B681B68DB697A68126820
:103B500023F47F6323F00F03D3617B681B68D9696B
:103B60003B68DA687B681B680A43DA6113E07B68AC
:103B70001B681B6A7A68126823F47F6323F00F03C3
:103B800013627B681B68196A3B68DA687B681B688C
:103B90000A431A6200BF184BFB607B681B68174A18
:103BA000934209D13B681B68122B05D1FB685B6807
:103BB00043F48002FB685A607B681B680F4A93429B
:103BC0000DD13B681B68102B03D03B681B68112B81
:103BD00005D1FB685B6843F40002FB685A607B68B0
:103BE000002283F83C20002318461437BD465DF8B8
:103BF000047B704701000F000023014000200140BA
:103C000080B485B000AF78607B6803F00703FB6089
:103C10000C4BDB68BB60BA684FF6FF031340BB6018
:103C2000FB681A02BB68134343F0BF6343F40033DD
:103C3000BB60044ABB68D36000BF1437BD465DF863
:103C4000047B704700ED00E080B400AF044BDB68FC
:103C50001B0A03F007031846BD465DF8047B704756
:103C600000ED00E080B483B000AF0346FB7197F92C
:103C70000730002B0BDBFB7903F01F02074997F994
:103C800007305B09012000FA02F241F8232000BF4F
:103C90000C37BD465DF8047B704700BF00E100E0D3
:103CA00080B483B000AF03463960FB7197F90730E9
:103CB000002B0ADB3B68DAB20C4997F90730120196
:103CC000D2B20B4483F800230AE03B68DAB2084919
:103CD000FB7903F00F03043B1201D2B20B441A76B6
:103CE00000BF0C37BD465DF8047B704700E100E083
:103CF00000ED00E080B489B000AFF860B9607A6090
:103D0000FB6803F00703FB61FB69C3F10703042BA6
:103D100028BF0423BB61FB690433062B02D9FB696E
:103D2000033B00E000237B614FF0FF32BB6902FAE6
:103D300003F3DA43BB681A407B699A404FF0FF31C6
:103D40007B6901FA03F3D9437B680B4013431846A0
:103D50002437BD465DF8047B7047000080B582B013
:103D600000AF78607B68013BB3F1807F01D3012312
:103D70000FE00A4A7B68013B53600F214FF0FF3090
:103D8000FFF78EFF054B00229A60044B07221A6052
:103D9000002318460837BD4680BD00BF10E000E094
:103DA00080B582B000AF78607868FFF729FF00BF68
:103DB0000837BD4680BD80B586B000AF0346B96008
:103DC0007A60FB7300237B61FFF73EFF78617A68BE
:103DD000B9687869FFF78EFF024697F90F301146F0
:103DE0001846FFF75DFF00BF1837BD4680BD80B5A0
:103DF00082B000AF0346FB7197F907301846FFF712
:103E000031FF00BF0837BD4680BD80B582B000AF2E
:103E100078607868FFF7A2FF034618460837BD466A
:103E200080BD000080B586B000AF786000237B6164
:103E3000FEF786FF38617B68002B01D1012399E0F2
:103E40007B68022283F835207B68002283F83420C7
:103E50007B681B681A687B681B6822F001021A6085
:103E60000FE0FEF76DFF02463B69D31A052B08D918
:103E70007B6820225A657B68032283F83520032360
:103E800078E07B681B681B6803F00103002BE8D116
:103E90007B681B681B687B617A69384B13407B61C8
:103EA0007B685A687B689B681A437B68DB681A43A7
:103EB0007B681B691A437B685B691A437B689B6953
:103EC0001A437B68DB691A437B681B6A13437A6970
:103ED00013437B617B685B6A042B07D17B68DA6ADA
:103EE0007B681B6B13437A6913437B617B681B6898
:103EF0007A691A607B681B685B697B617B6923F068
:103F000007037B617B685B6A7A6913437B617B682B
:103F10005B6A042B17D17B689B6A7A6913437B61C8
:103F20007B68DB6A002B0ED0786800F001FB03464B
:103F3000002B08D07B6840225A657B68012283F8F9
:103F40003520012316E07B681B687A695A6178681E
:103F500000F0B8FA0346FB607B68DB6D3F229A40B5
:103F6000FB689A607B6800225A657B68012283F8AF
:103F70003520002318461837BD4680BD3F8010F01D
:103F800080B586B000AFF860B9607A603B6000230E
:103F9000FB75FB689B6D3B61FB6893F83430012B2C
:103FA00001D1022340E0FB68012283F83420FB6842
:103FB00093F83530DBB2012B2FD1FB68022283F856
:103FC0003520FB6800225A653B687A68B968F86852
:103FD00000F04AFAFB68DB6D3F229A403B699A6029
:103FE000FB681B681A68FB681B6842F016021A60BF
:103FF000FB681B6C002B07D0FB681B681A68FB680A
:104000001B6842F008021A60FB681B681A68FB68AC
:104010001B6842F001021A6005E0FB68002283F889
:1040200034200223FB75FB7D18461837BD4680BD42
:1040300080B584B000AF78607B689B6DFB60FEF755
:104040007FFEB8607B6893F83530DBB2022B08D076
:104050007B6880225A657B68002283F83420012324
:1040600052E07B681B681A687B681B6822F01602A6
:104070001A607B681B685A697B681B6822F08002A3
:104080005A617B681B6C002B03D17B689B6C002BF7
:1040900007D07B681B681A687B681B6822F00802DF
:1040A0001A607B681B681A687B681B6822F0010233
:1040B0001A6013E0FEF744FE0246BB68D31A052BD4
:1040C0000CD97B6820225A657B68032283F835204F
:1040D0007B68002283F83420032315E07B681B688B
:1040E0001B6803F00103002BE4D17B68DB6D3F22EA
:1040F0009A40FB689A607B68012283F835207B68D0
:10410000002283F83420002318461037BD4680BDB6
:1041100080B483B000AF78607B6893F83530DBB251
:10412000022B04D07B6880225A6501230CE07B6857
:10413000052283F835207B681B681A687B681B683A
:1041400022F001021A60002318460C37BD465DF8C4
:10415000047B704780B586B000AF78600023BB60F9
:104160008E4B1B688E4AA2FB03239B0A7B617B68F4
:104170009B6D3B613B691B68FB607B68DB6D0822C4
:104180009A40FB681340002B1AD07B681B681B68A1
:1041900003F00403002B13D07B681B681A687B684C
:1041A0001B6822F004021A607B68DB6D08229A40CB
:1041B0003B699A607B685B6D43F001027B685A65DE
:1041C0007B68DB6D01229A40FB681340002B12D004
:1041D0007B681B685B6903F08003002B0BD07B6856
:1041E000DB6D01229A403B699A607B685B6D43F00E
:1041F00002027B685A657B68DB6D04229A40FB688B
:104200001340002B12D07B681B681B6803F002036D
:10421000002B0BD07B68DB6D04229A403B699A60CF
:104220007B685B6D43F004027B685A657B68DB6DDD
:1042300010229A40FB681340002B43D07B681B6818
:104240001B6803F00803002B3CD07B68DB6D102259
:104250009A403B699A607B681B681B6803F4802363
:10426000002B18D07B681B681B6803F40023002B0D
:1042700008D17B681B6C002B24D07B681B6C786892
:1042800098471FE07B689B6C002B1BD07B689B6C66
:104290007868984716E07B681B681B6803F4807396
:1042A000002B07D17B681B681A687B681B6822F0AB
:1042B00008021A607B681B6C002B03D07B681B6CA8
:1042C000786898477B68DB6D20229A40FB68134032
:1042D000002B00F08F807B681B681B6803F01003C5
:1042E000002B00F087807B68DB6D20229A403B69C1
:1042F0009A607B6893F83530DBB2052B36D17B684A
:104300001B681A687B681B6822F016021A607B68BB
:104310001B685A697B681B6822F080025A617B68BF
:104320001B6C002B03D17B689B6C002B07D07B6838
:104330001B681A687B681B6822F008021A607B6899
:10434000DB6D3F229A403B699A607B68012283F8CB
:1043500035207B68002283F834207B681B6D002B9E
:104360007ED07B681B6D7868984779E07B681B6816
:104370001B6803F48023002B1DD07B681B681B681F
:1043800003F40023002B0DD17B685B6C002B31D034
:104390007B685B6C786898472CE000BF1C000020AD
:1043A000B5814E1B7B68DB6B002B23D07B68DB6BFE
:1043B000786898471EE07B681B681B6803F480736D
:1043C000002B0FD17B681B681A687B681B6822F082
:1043D00010021A607B68012283F835207B68002276
:1043E00083F834207B68DB6B002B03D07B68DB6BAE
:1043F000786898477B685B6D002B32D07B685B6D7B
:1044000003F00103002B22D07B68052283F83520BE
:104410007B681B681A687B681B6822F001021A60BF
:10442000BB680133BB607A699A4207D37B681B681B
:104430001B6803F00103002BF2D100E000BF7B6892
:10444000012283F835207B68002283F834207B68C2
:10445000DB6C002B05D07B68DB6C7868984700E04C
:1044600000BF1837BD4680BD80B485B000AFF8608E
:10447000B9607A603B60FB681B681A68FB681B6860
:1044800022F480221A60FB681B683A685A60FB6855
:104490009B68402B08D1FB681B687A689A60FB68B0
:1044A0001B68BA68DA6007E0FB681B68BA689A6044
:1044B000FB681B687A68DA6000BF1437BD465DF898
:1044C000047B704780B485B000AF78607B681B6860
:1044D000DBB2103B144AA2FB03231B09FB60134A07
:1044E000FB6813441B781A467B68DA65FB68032B6C
:1044F00009D97B681B6823F47F7323F003031A1D1B
:104500007B689A6507E07B681B6823F47F7323F060
:1045100003037A6893657B689B6D18461437BD4624
:104520005DF8047B704700BFABAAAAAA549B0008A1
:1045300080B485B000AF78600023FB737B689B6A12
:10454000BB607B689B69002B1FD1BB68032B56D8CF
:1045500001A252F823F000BF694500087B4500081E
:1045600069450008FF4500087B68DB6A03F080733B
:10457000002B46D00123FB7343E07B68DB6AB3F179
:10458000C07F40D10123FB733DE07B689B69B3F59D
:10459000005F21D1BB68032B37D801A252F823F06A
:1045A000B1450008B7450008B1450008C9450008F5
:1045B0000123FB7330E07B68DB6A03F08073002B20
:1045C00025D00123FB7322E07B68DB6AB3F1C07F57
:1045D0001FD10123FB731CE0BB68022B03D9BB680E
:1045E000032B03D018E00123FB7315E07B68DB6A23
:1045F00003F08073002B0ED00123FB730BE000BF90
:104600000AE000BF08E000BF06E000BF04E000BF12
:1046100002E000BF00E000BFFB7B18461437BD4638
:104620005DF8047B704700BF80B489B000AF78604C
:10463000396000237B6100233B610023BB610023C1
:10464000FB616BE10122FB6902FA03F37B613B68CA
:104650001B687A6913403B613A697B699A4240F072
:104660005A813B685B6803F00303012B05D03B686C
:104670005B6803F00303022B30D17B689B68BB614E
:10468000FB695B00032202FA03F3DB43BA691340C0
:10469000BB613B68DA68FB695B0002FA03F3BA6945
:1046A0001343BB617B68BA699A607B685B68BB61D6
:1046B0000122FB6902FA03F3DB43BA691340BB61D1
:1046C0003B685B681B0903F00102FB6902FA03F314
:1046D000BA691343BB617B68BA695A603B685B681F
:1046E00003F00303032B17D07B68DB68BB61FB6916
:1046F0005B00032202FA03F3DB43BA691340BB6198
:104700003B689A68FB695B0002FA03F3BA691343DA
:10471000BB617B68BA69DA603B685B6803F00303DE
:10472000022B23D1FB69DA087B68083253F8223068
:10473000BB61FB6903F007039B000F2202FA03F33E
:10474000DB43BA691340BB613B681A69FB6903F03C
:1047500007039B0002FA03F3BA691343BB61FB69C9
:10476000DA087B680832B96943F822107B681B6855
:10477000BB61FB695B00032202FA03F3DB43BA6906
:104780001340BB613B685B6803F00302FB695B009D
:1047900002FA03F3BA691343BB617B68BA691A6012
:1047A0003B685B6803F44033002B00F0B4800023C7
:1047B000FB60604B5B6C5F4A43F4804353645D4B2A
:1047C0005B6C03F48043FB60FB685B4AFB699B08FE
:1047D000023352F82330BB61FB6903F003039B00F3
:1047E0000F2202FA03F3DB43BA691340BB617B6813
:1047F000524A93422BD07B68514A934225D07B6822
:10480000504A93421FD07B684F4A934219D07B682D
:104810004E4A934213D07B684D4A93420DD07B6839
:104820004C4A934207D07B684B4A934201D10723FD
:104830000EE008230CE006230AE0052308E0042329
:1048400006E0032304E0022302E0012300E000234A
:10485000FA6902F0030292009340BA691343BB6104
:104860003549FB699B080233BA6941F823203B4B69
:104870009B68BB613B69DB43BA691340BB613B6822
:104880005B6803F48013002B03D0BA693B691343C0
:10489000BB61324ABB699360304BDB68BB613B69EB
:1048A000DB43BA691340BB613B685B6803F40013E8
:1048B000002B03D0BA693B691343BB61274ABB692C
:1048C000D360264B5B68BB613B69DB43BA6913402D
:1048D000BB613B685B6803F40033002B03D0BA690B
:1048E0003B691343BB611D4ABB6953601B4B1B688B
:1048F000BB613B69DB43BA691340BB613B685B68E2
:1049000003F48033002B03D0BA693B691343BB61C6
:10491000124ABB691360FB690133FB61FB690F2B12
:104920007FF690AE00BF00BF2437BD465DF8047B24
:10493000704700BF003802400038014000000240CC
:104940000004024000080240000C02400010024037
:104950000014024000180240001C0240003C0140CC
:1049600080B483B000AF78600B467B8013467B70C9
:104970007B78002B03D07A887B689A6103E07B8880
:104980001A047B689A6100BF0C37BD465DF8047B52
:104990007047000080B584B000AF78607B68002B62
:1049A00001D101232BE17B6893F83D30DBB2002B72
:1049B00006D17B68002283F83C207868FDF75EFE14
:1049C0007B68242283F83D207B681B681A687B681B
:1049D0001B6822F001021A607B681B681A687B68FA
:1049E0001B6842F400421A607B681B681A687B6887
:1049F0001B6822F400421A6001F08EFDF8607B68AB
:104A00005B68814A934207D8FB68804A934294BF0F
:104A100001230023DBB206E0FB687D4A934294BF8A
:104A200001230023DBB2002B01D00123E7E0FB6868
:104A3000784AA2FB03239B0CBB607B681B685B6806
:104A400023F03F017B681B68BA680A435A607B68A1
:104A50001B681B6A23F03F017B685B686A4A9342CC
:104A600002D8BB68013309E0BB684FF4967202FBC1
:104A700003F3694AA2FB03239B0901337A68126896
:104A80000B4313627B681B68DB6923F44F4222F0FF
:104A9000FF027B685B685C498B4219D8FB68591E32
:104AA0007B685B685B00B1FBF3F3591C40F6FC7359
:104AB0000B40002B0AD0FB68591E7B685B685B00CB
:104AC000B1FBF3F30133C3F30B0351E004234FE0D5
:104AD0007B689B68002B11D1FB68581E7B68596866
:104AE0000B465B000B44B0FBF3F30133C3F30B0342
:104AF000002B0CBF01230023DBB212E0FB68581E21
:104B00007B6859680B469B000B4499000B44B0FB33
:104B1000F3F30133C3F30B03002B0CBF012300237A
:104B2000DBB2002B01D0012322E07B689B68002BC5
:104B30000ED1FB68581E7B6859680B465B000B441E
:104B4000B0FBF3F30133C3F30B0343F400430FE073
:104B5000FB68581E7B6859680B469B000B44990004
:104B60000B44B0FBF3F30133C3F30B0343F44043B3
:104B7000796809681343CB617B681B681B6823F065
:104B8000C0017B68DA697B681B6A1A437B681B6813
:104B90000A431A607B681B689B6823F4034323F075
:104BA000FF037A6811697A68D26811437A681268DB
:104BB0000B4393607B681B68DB6823F0FF017B6815
:104BC0005A697B689B691A437B681B680A43DA60F1
:104BD0007B681B681A687B681B6842F001021A60D8
:104BE0007B6800221A647B68202283F83D207B6862
:104BF00000221A637B68002283F83E2000231846B7
:104C00001037BD4680BD00BFA08601007F841E0016
:104C1000FF083D0083DE1B43D34D621080B588B092
:104C200002AFF860084611461A4603467B810B46E0
:104C30003B811346FB80FEF783F87861FB6893F8AD
:104C40003D30DBB2202B40F0D9807B6900931923E3
:104C500001226D49F86800F0B9FD0346002B01D030
:104C60000223CCE0FB6893F83C30012B01D10223F6
:104C7000C5E0FB68012283F83C20FB681B681B68C9
:104C800003F00103012B07D0FB681B681A68FB685F
:104C90001B6842F001021A60FB681B681A68FB6817
:104CA0001B6822F400621A60FB68212283F83D2011
:104CB000FB68402283F83E20FB6800221A64FB68F0
:104CC0003A6A5A62FB68BA8C5A85FB685B8D9AB265
:104CD000FB681A85FB684D4ADA62F8883A89798957
:104CE0007B690193BB6A00930346F86800F0F0FB10
:104CF0000346002B52D0012381E07A69B96AF86833
:104D000000F07EFE0346002B0DD0FB681B6C042BCD
:104D100007D1FB681B681A68FB681B6842F40072C5
:104D20001A6001236BE0FB685B6A1A78FB681B68FA
:104D30001A61FB685B6A5A1CFB685A62FB681B8D30
:104D4000013B9AB2FB681A85FB685B8D9BB2013B05
:104D50009AB2FB685A85FB681B685B6903F0040321
:104D6000042B1BD1FB681B8D002B17D0FB685B6AE3
:104D70001A78FB681B681A61FB685B6A5A1CFB683F
:104D80005A62FB681B8D013B9AB2FB681A85FB686F
:104D90005B8D9BB2013B9AB2FB685A85FB681B8D09
:104DA000002BAAD17A69B96AF86800F071FE03464F
:104DB000002B0DD0FB681B6C042B07D1FB681B6814
:104DC0001A68FB681B6842F400721A60012316E03F
:104DD000FB681B681A68FB681B6842F400721A6063
:104DE000FB68202283F83D20FB68002283F83E20E8
:104DF000FB68002283F83C20002300E002231846D1
:104E00001837BD4680BD00BF020010000000FFFF44
:104E100080B58CB002AFF860084611461A460346CA
:104E20007B810B463B811346FB80FDF789FF78624F
:104E3000FB6893F83D30DBB2202B40F014827B6A94
:104E40000093192301227B49F86800F0BFFC034658
:104E5000002B01D0022307E2FB6893F83C30012BC2
:104E600001D1022300E2FB68012283F83C20FB68A9
:104E70001B681B6803F00103012B07D0FB681B684C
:104E80001A68FB681B6842F001021A60FB681B6825
:104E90001A68FB681B6822F400621A60FB68222211
:104EA00083F83D20FB68402283F83E20FB68002207
:104EB0001A64FB683A6B5A62FB68BA8E5A85FB68C3
:104EC0005B8D9AB2FB681A85FB685B4ADA62F888E8
:104ED0003A8979897B6A0193BB6B00930346F86832
:104EE00000F08CFB0346002B01D00123BCE1FB68E2
:104EF0001B8D002B13D100233B62FB681B685B6991
:104F00003B62FB681B689B693B623B6AFB681B68F2
:104F10001A68FB681B6842F400721A6090E1FB6833
:104F20001B8D012B1BD1FB681B681A68FB681B6873
:104F300022F480621A600023FB61FB681B685B69D6
:104F4000FB61FB681B689B69FB61FB69FB681B6875
:104F50001A68FB681B6842F400721A6070E1FB6813
:104F60001B8D022B1BD1FB681B681A68FB681B6832
:104F700022F480621A60FB681B681A68FB681B6871
:104F800042F400621A600023BB61FB681B685B6926
:104F9000BB61FB681B689B69BB61BB6950E1002377
:104FA0007B61FB681B685B697B61FB681B689B69B5
:104FB0007B617B6944E1FB681B8D032B00F2F18070
:104FC000FB681B8D012B23D17A6AB96BF86800F05E
:104FD000A7FD0346002B01D0012345E1FB681B68B8
:104FE0001A69FB685B6AD2B21A70FB685B6A5A1C6A
:104FF000FB685A62FB681B8D013B9AB2FB681A85FD
:10500000FB685B8D9BB2013B9AB2FB685A8517E146
:10501000FB681B8D022B4ED17B6A0093BB6B002279
:105020000649F86800F0D2FB0346002B08D00123A4
:105030001AE100BF020010000000FFFF04000100A1
:10504000FB681B681A68FB681B6842F400721A60F0
:10505000FB681B681A69FB685B6AD2B21A70FB684E
:105060005B6A5A1CFB685A62FB681B8D013B9AB253
:10507000FB681A85FB685B8D9BB2013B9AB2FB68AB
:105080005A85FB681B681A69FB685B6AD2B21A70A2
:10509000FB685B6A5A1CFB685A62FB681B8D013B0C
:1050A0009AB2FB681A85FB685B8D9BB2013B9AB292
:1050B000FB685A85C4E07B6A0093BB6B00226C4995
:1050C000F86800F083FB0346002B01D00123CBE0FE
:1050D000FB681B681A68FB681B6822F480621A6010
:1050E000FB681B681A69FB685B6AD2B21A70FB68BE
:1050F0005B6A5A1CFB685A62FB681B8D013B9AB2C3
:10510000FB681A85FB685B8D9BB2013B9AB2FB681A
:105110005A857B6A0093BB6B00225549F86800F002
:1051200055FB0346002B01D001239DE0FB681B6863
:105130001A68FB681B6842F400721A60FB681B68FF
:105140001A69FB685B6AD2B21A70FB685B6A5A1C08
:10515000FB685A62FB681B8D013B9AB2FB681A859B
:10516000FB685B8D9BB2013B9AB2FB685A85FB687A
:105170001B681A69FB685B6AD2B21A70FB685B6ACB
:105180005A1CFB685A62FB681B8D013B9AB2FB6894
:105190001A85FB685B8D9BB2013B9AB2FB685A850E
:1051A0004EE07A6AB96BF86800F0BAFC0346002B4F
:1051B00001D0012358E0FB681B681A69FB685B6A31
:1051C000D2B21A70FB685B6A5A1CFB685A62FB68B1
:1051D0001B8D013B9AB2FB681A85FB685B8D9BB205
:1051E000013B9AB2FB685A85FB681B685B6903F058
:1051F0000403042B24D1FB681B8D032B07D1FB6810
:105200001B681A68FB681B6822F480621A60FB68DE
:105210001B681A69FB685B6AD2B21A70FB685B6A2A
:105220005A1CFB685A62FB681B8D013B9AB2FB68F3
:105230001A85FB685B8D9BB2013B9AB2FB685A856D
:10524000FB681B8D002B7FF4B6AEFB68202283F831
:105250003D20FB68002283F83E20FB68002283F893
:105260003C20002300E0022318462837BD4680BDBD
:105270000400010080B58AB002AFF8607A603B603C
:105280000B467B81FDF75CFDF8610023BB61FB6889
:1052900093F83D30DBB2202B40F01181FB69009385
:1052A000192301228849F86800F090FA0346002B80
:1052B00001D0022304E1FB6893F83C30012B01D1BB
:1052C0000223FDE0FB68012283F83C20FB681B6899
:1052D0001B6803F00103012B07D0FB681B681A68E9
:1052E000FB681B6842F001021A60FB681B681A68C1
:1052F000FB681B6822F400621A60FB68242283F8B2
:105300003D20FB6800221A64FB68704ADA62FB6881
:105310001B681A68FB681B6842F480721A60FB699C
:1053200000933B6800224FF00111F86800F04EFA3C
:105330000346002B0DD0FB681B681B6803F48073C9
:10534000B3F5807F03D1FB684FF400721A64032326
:10535000B6E07B89DBB21A46FB681B6802F0FE02EE
:105360001A61FDF7EDFCF861FB681B685B6903F0EF
:105370000203022B0CBF01230023DBB2FB75FB6889
:105380001B685B6903F48063B3F5806F0CBF012376
:105390000023DBB2BB7525E0FDF7D2FC0246FB69BA
:1053A000D31A3A689A4202D33B68002B03D1FB68B8
:1053B000A02283F83D20FB681B685B6903F00203B1
:1053C000022B0CBF01230023DBB2FB75FB681B68BB
:1053D0005B6903F48063B3F5806F0CBF0123002386
:1053E000DBB2BB75FB6893F83D30DBB2A02B05D078
:1053F000FB7D002B02D1BB7D002BCDD0FB68202292
:1054000083F83D20FB681B685B6903F00203022BF5
:1054100029D1FB681B681A68FB681B6842F400729C
:105420001A6000233B61FB681B685B693B61FB689A
:105430001B689B693B613B69FB690093192301224F
:105440002149F86800F0C2F90346002B01D001237E
:1054500036E0FB68202283F83D20FB68002283F8B9
:105460003C2000232CE0FB681B681A68FB681B6863
:1054700042F400721A60FB681B686FF480625A6124
:10548000FB690093192301220F49F86800F09EF987
:105490000346002B01D0012312E0BB690133BB613D
:1054A000BA697B689A42FFF432AFFB68202283F826
:1054B0003D20FB68002283F83C20012300E002230A
:1054C00018462037BD4680BD020010000000FFFFD7
:1054D00080B588B002AFF860084611461A46034608
:1054E0007B810B463B811346FB80FB681B681A6877
:1054F000FB681B6842F480721A607B6A00933B6A07
:1055000000224FF00111F86800F060F90346002B0B
:105510000DD0FB681B681B6803F48073B3F5807FB4
:1055200003D1FB684FF400721A6403235FE07B89A8
:10553000DBB21A46FB681B6802F0FE021A617B6A46
:105540003A6A2D49F86800F0BBF90346002B01D0F8
:1055500001234CE000237B61FB681B685B697B6176
:10556000FB681B689B697B617B697A6A396AF868AA
:1055700000F046FA0346002B0DD0FB681B6C042B91
:1055800007D1FB681B681A68FB681B6842F400724D
:105590001A6001232BE0FB88012B05D13B89DAB28D
:1055A000FB681B681A6121E03B891B0A9BB2DAB2D7
:1055B000FB681B681A617A6A396AF86800F020FA99
:1055C0000346002B0DD0FB681B6C042B07D1FB6836
:1055D0001B681A68FB681B6842F400721A6001239A
:1055E00005E03B89DAB2FB681B681A6100231846A4
:1055F0001837BD4680BD00BF0200010080B588B0ED
:1056000002AFF860084611461A4603467B810B46F6
:105610003B811346FB80FB681B681A68FB681B68AC
:1056200042F480621A60FB681B681A68FB681B689A
:1056300042F480721A607B6A00933B6A00224FF04A
:105640000111F86800F0C2F80346002B0DD0FB688A
:105650001B681B6803F48073B3F5807F03D1FB687C
:105660004FF400721A640323AAE07B89DBB21A4666
:10567000FB681B6802F0FE021A617B6A3A6A5249B3
:10568000F86800F01DF90346002B01D0012397E0D4
:1056900000237B61FB681B685B697B61FB681B689F
:1056A0009B697B617B697A6A396AF86800F0A8F9BE
:1056B0000346002B0DD0FB681B6C042B07D1FB6845
:1056C0001B681A68FB681B6842F400721A600123A9
:1056D00076E0FB88012B05D13B89DAB2FB681B68B9
:1056E0001A6121E03B891B0A9BB2DAB2FB681B6896
:1056F0001A617A6A396AF86800F082F90346002B69
:105700000DD0FB681B6C042B07D1FB681B681A6863
:10571000FB681B6842F400721A60012350E03B8969
:10572000DAB2FB681B681A617A6A396AF86800F0B5
:1057300067F90346002B0DD0FB681B6C042B07D1C7
:10574000FB681B681A68FB681B6842F400721A60E9
:10575000012335E0FB681B681A68FB681B6842F48C
:1057600080721A607B6A00933B6A00224FF001113D
:10577000F86800F02BF80346002B0DD0FB681B687F
:105780001B6803F48073B3F5807F03D1FB684FF48B
:1057900000721A64032313E07B89DBB243F0010338
:1057A000DAB2FB681B681A617B6A3A6A0649F868D4
:1057B00000F086F80346002B01D0012300E000230F
:1057C00018461837BD4680BD0200010080B584B080
:1057D00000AFF860B9603B601346FB7148E03B687E
:1057E000B3F1FF3F44D0FDF7ABFA0246BB69D31AD1
:1057F0003A689A4202D33B68002B39D1BB681B0C34
:10580000DBB2012B0DD1FB681B685B69DA43BB6817
:1058100013409BB2002B0CBF01230023DBB21A46BE
:105820000CE0FB681B689B69DA43BB6813409BB2C2
:10583000002B0CBF01230023DBB21A46FB799A42EE
:1058400016D1FB6800221A63FB68202283F83D20F2
:10585000FB68002283F83E20FB681B6C43F02002AB
:10586000FB681A64FB68002283F83C20012323E0D4
:10587000BB681B0CDBB2012B0DD1FB681B685B699D
:10588000DA43BB6813409BB2002B0CBF01230023FB
:10589000DBB21A460CE0FB681B689B69DA43BB6805
:1058A00013409BB2002B0CBF01230023DBB21A462E
:1058B000FB799A4293D0002318461037BD4680BD2D
:1058C00080B584B000AFF860B9607A603B6071E089
:1058D000FB681B685B6903F48063B3F5806F23D1B9
:1058E000FB681B681A68FB681B6842F400721A6048
:1058F000FB681B686FF480625A61FB6800221A63C0
:10590000FB68202283F83D20FB68002283F83E20BC
:10591000FB681B6C43F00402FB681A64FB680022FE
:1059200083F83C20012367E07B68B3F1FF3F41D05F
:10593000FDF706FA02463B68D31A7A689A4202D308
:105940007B68002B36D1BB681B0CDBB2012B0CD162
:10595000FB681B685B69DA43BB6813409BB2002B92
:1059600014BF01230023DBB20BE0FB681B689B69BB
:10597000DA43BB6813409BB2002B14BF0123002302
:10598000DBB2002B16D0FB6800221A63FB682022D2
:1059900083F83D20FB68002283F83E20FB681B6CE7
:1059A00043F02002FB681A64FB68002283F83C2065
:1059B000012321E0BB681B0CDBB2012B0CD1FB687F
:1059C0001B685B69DA43BB6813409BB2002B14BFB2
:1059D00001230023DBB20BE0FB681B689B69DA4301
:1059E000BB6813409BB2002B14BF01230023DBB222
:1059F000002B7FF46DAF002318461037BD4680BDE5
:105A000080B584B000AFF860B9607A6034E0F868BF
:105A100000F0E3F80346002B01D0012334E0BB681B
:105A2000B3F1FF3F28D0FDF78BF902467B68D31A0C
:105A3000BA689A4202D3BB68002B1DD1FB681B6871
:105A40005B6903F08003802B16D0FB6800221A6389
:105A5000FB68202283F83D20FB68002283F83E206B
:105A6000FB681B6C43F02002FB681A64FB68002291
:105A700083F83C20012307E0FB681B685B6903F0A7
:105A80008003802BC3D1002318461037BD4680BD4C
:105A900080B584B000AFF860B9607A6034E0F8682F
:105AA00000F09BF80346002B01D0012334E0BB68D3
:105AB000B3F1FF3F28D0FDF743F902467B68D31AC4
:105AC000BA689A4202D3BB68002B1DD1FB681B68E1
:105AD0005B6903F00403042B16D0FB6800221A63F1
:105AE000FB68202283F83D20FB68002283F83E20DB
:105AF000FB681B6C43F02002FB681A64FB68002201
:105B000083F83C20012307E0FB681B685B6903F016
:105B10000403042BC3D1002318461037BD4680BDB3
:105B200080B584B000AFF860B9607A6049E0FB6886
:105B30001B685B6903F01003102B19D1FB681B680D
:105B40006FF010025A61FB6800221A63FB68202282
:105B500083F83D20FB68002283F83E20FB681A6C26
:105B6000FB681A64FB68002283F83C20012330E0C4
:105B7000FDF7E6F802467B68D31ABA689A4202D368
:105B8000BB68002B1DD1FB681B685B6903F04003F9
:105B9000402B16D0FB6800221A63FB68202283F892
:105BA0003D20FB68002283F83E20FB681B6C43F01D
:105BB0002002FB681A64FB68002283F83C20012362
:105BC00007E0FB681B685B6903F04003402BAED124
:105BD000002318461037BD4680BD80B483B000AFA7
:105BE00078607B681B685B6903F48063B3F5806F42
:105BF0001BD17B681B686FF480625A617B6800224E
:105C00001A637B68202283F83D207B68002283F89A
:105C10003E207B681B6C43F004027B681A647B683F
:105C2000002283F83C20012300E0002318460C37B3
:105C3000BD465DF8047B704780B586B000AF7860E4
:105C40007B68002B01D1012367E27B681B6803F0AE
:105C50000103002B75D0884B9B6803F00C03042BC9
:105C60000CD0854B9B6803F00C03082B12D1824BA0
:105C70005B6803F48003B3F5800F0BD17E4B1B6888
:105C800003F40033002B5BD07B685B68002B57D19B
:105C9000012342E27B685B68B3F5803F06D1764B17
:105CA0001B68754A43F4803313601DE07B685B68B2
:105CB000B3F5A02F0CD1704B1B686F4A43F48023BF
:105CC00013606D4B1B686C4A43F4803313600BE028
:105CD000694B1B68684A23F480331360664B1B686A
:105CE000654A23F4802313607B685B68002B13D024
:105CF000FDF726F8386108E0FDF722F802463B6917
:105D0000D31A642B01D9032307E25B4B1B6803F40E
:105D10000033002BF0D014E0FDF712F8386108E0F2
:105D2000FDF70EF802463B69D31A642B01D9032311
:105D3000F3E1514B1B6803F40033002BF0D100E07A
:105D400000BF7B681B6803F00203002B63D04A4B43
:105D50009B6803F00C03002B0BD0474B9B6803F0B0
:105D60000C03082B1CD1444B5B6803F48003002B0D
:105D700016D1414B1B6803F00203002B05D07B6852
:105D8000DB68012B01D00123C7E13B4B1B6823F0EB
:105D9000F8027B681B69DB00374913430B603AE06C
:105DA0007B68DB68002B20D0344B01221A60FCF7A3
:105DB000C7FF386108E0FCF7C3FF02463B69D31A0E
:105DC000022B01D90323A8E12B4B1B6803F002032C
:105DD000002BF0D0284B1B6823F0F8027B681B696E
:105DE000DB00254913430B6015E0244B00221A60A9
:105DF000FCF7A6FF386108E0FCF7A2FF02463B690A
:105E0000D31A022B01D9032387E11B4B1B6803F034
:105E10000203002BF0D17B681B6803F00803002B02
:105E200036D07B685B69002B16D0154B01221A60B7
:105E3000FCF786FF386108E0FCF782FF02463B6909
:105E4000D31A022B01D9032367E10B4B5B6F03F0DD
:105E50000203002BF0D01BE0094B00221A60FCF774
:105E60006FFF38610EE0FCF76BFF02463B69D31A07
:105E7000022B07D9032350E10038024000004742BB
:105E8000800E4742884B5B6F03F00203002BEAD180
:105E90007B681B6803F00403002B00F0978000234D
:105EA000FB75814B1B6C03F08053002B0FD100233B
:105EB000BB607D4B1B6C7C4A43F0805313647A4B70
:105EC0001B6C03F08053BB60BB680123FB75774BF1
:105ED0001B6803F48073002B18D1744B1B68734A42
:105EE00043F480731360FCF72BFF386108E0FCF784
:105EF00027FF02463B69D31A022B01D903230CE189
:105F00006A4B1B6803F48073002BF0D07B689B689E
:105F1000012B06D1644B1B6F634A43F001031367E7
:105F20001CE07B689B68052B0CD15F4B1B6F5E4AA6
:105F300043F0040313675C4B1B6F5B4A43F00103A0
:105F400013670BE0584B1B6F574A23F0010313678D
:105F5000554B1B6F544A23F0040313677B689B68FF
:105F6000002B15D0FCF7ECFE38610AE0FCF7E8FEE8
:105F700002463B69D31A41F28832934201D9032386
:105F8000CBE0494B1B6F03F00203002BEED014E073
:105F9000FCF7D6FE38610AE0FCF7D2FE02463B6908
:105FA000D31A41F28832934201D90323B5E03E4B24
:105FB0001B6F03F00203002BEED1FB7D012B05D1FB
:105FC000394B1B6C384A23F0805313647B689B6900
:105FD000002B00F0A180344B9B6803F00C03082BCE
:105FE0005CD07B689B69022B41D1314B00221A6047
:105FF000FCF7A6FE386108E0FCF7A2FE02463B690A
:10600000D31A022B01D9032387E0274B1B6803F027
:106010000073002BF0D17B68DA697B681B6A1A4336
:106020007B685B6A9B011A437B689B6A5B08013B48
:106030001B041A437B68DB6A1B061B4913434B6036
:106040001B4B01221A60FCF77BFE386108E0FCF76D
:1060500077FE02463B69D31A022B01D903235CE089
:10606000114B1B6803F00073002BF0D054E0104B71
:1060700000221A60FCF764FE386108E0FCF760FE5D
:1060800002463B69D31A022B01D9032345E0064B94
:106090001B6803F00073002BF0D13DE07B689B6927
:1060A000012B07D1012338E0003802400070004086
:1060B000600047421B4B5B68FB607B689B69012B60
:1060C00028D0FB6803F480027B68DB699A4221D107
:1060D000FB6803F03F027B681B6A9A421AD1FA6898
:1060E00047F6C07313407A68526A9201934211D105
:1060F000FB6803F440327B689B6A5B08013B1B042E
:106100009A4207D1FB6803F070627B68DB6A1B066A
:106110009A4201D0012300E0002318461837BD46FB
:1061200080BD00BF0038024080B584B000AF786009
:1061300039607B68002B01D10123CCE0684B1B68E0
:1061400003F007033A689A420CD9654B3A68D2B219
:106150001A70634B1B6803F007033A689A4201D038
:106160000123B8E07B681B6803F00203002B20D0FA
:106170007B681B6803F00403002B05D0594B9B6818
:10618000584A43F4E05393607B681B6803F00803AC
:10619000002B05D0534B9B68524A43F460439360F5
:1061A000504B9B6823F0F0027B689B684D4913437A
:1061B0008B607B681B6803F00103002B44D07B6875
:1061C0005B68012B07D1474B1B6803F40033002B9E
:1061D00019D101237FE07B685B68022B03D07B68C9
:1061E0005B68032B07D13F4B1B6803F00073002B48
:1061F00009D101236FE03B4B1B6803F00203002B26
:1062000001D1012367E0374B9B6823F003027B68D1
:106210005B68344913438B60FCF792FDF8600AE039
:10622000FCF78EFD0246FB68D31A41F28832934296
:1062300001D903234FE02B4B9B6803F00C027B68D2
:106240005B689B009A42EBD1254B1B6803F0070368
:106250003A689A420CD2224B3A68D2B21A70204B5A
:106260001B6803F007033A689A4201D0012332E029
:106270007B681B6803F00403002B08D0194B9B6854
:1062800023F4E0527B68DB68164913438B607B681C
:106290001B6803F00803002B09D0124B9B6823F402
:1062A00060427B681B69DB000E4913438B6000F082
:1062B00021F802460B4B9B681B0903F00F030A49A8
:1062C000CB5C22FA03F3094A1360094B1B6818469A
:1062D000FCF7F2FC002318461037BD4680BD00BF16
:1062E000003C0240003802403C9B00081C0000209B
:1062F000200000202DE9B04F94B000AF00237B6454
:106300000023FB6400233B640023BB64794B9B6840
:1063100003F00C03082B0DD0082B00F2E180002BBA
:1063200002D0042B03D0DBE0734BBB64DBE0734B88
:10633000BB64D8E06F4B5B6803F03F037B646D4B3D
:106340005B6803F48003002B63D06A4B5B689B0996
:106350000022BB63FA63BB6BC3F308033B630023F8
:106360007B63D7E90C4522462B464FF000004FF0E7
:106370000001590141EAD261500102460B46214613
:10638000511A3961294663EB01037B614FF000022A
:106390004FF00003D7E904AB59468B01514643EA5D
:1063A000916351468A015146B2EB0108594663EBAD
:1063B00001094FF000024FF000034FEAC90343EA1E
:1063C00058734FEAC80290469946234618EB0303D8
:1063D000BB602B4649EB0303FB604FF000024FF01C
:1063E0000003D7E9024529464B02214643EAD1532F
:1063F00021464A02104619467B6C0022BB62FA62B3
:10640000D7E90A23F9F794FF02460B461346FB64CB
:1064100058E0384B5B689B09002218461146C0F3D0
:1064200008033B6200237B62D7E9088942464B465A
:106430004FF000004FF00001590141EAD2615001D4
:1064400002460B464146B2EB010A494663EB010B9B
:106450004FF000024FF000034FEA8B1343EA9A63B8
:106460004FEA8A12B2EB0A0463EB0B054FF000020D
:106470004FF00003EB0043EA5473E20014461D465C
:106480004346E3183B604B4645EB03037B604FF00C
:1064900000024FF00003D7E9004529468B02214650
:1064A00043EA915321468A02104619467B6C00222A
:1064B000BB61FA61D7E90623F9F73AFF02460B46BA
:1064C0001346FB640B4B5B681B0C03F003030133A7
:1064D0005B003B64FA6C3B6CB2FBF3F3BB6402E021
:1064E000054BBB6400BFBB6C18465037BD46BDE8CA
:1064F000B08F00BF003802400024F40000127A0080
:1065000080B400AF034B1B681846BD465DF8047BA2
:10651000704700BF1C00002080B500AFFFF7F0FF00
:106520000246054B9B689B0A03F007030349CB5CBB
:1065300022FA03F3184680BD003802404C9B000845
:1065400080B500AFFFF7DCFF0246054B9B685B0B95
:1065500003F007030349CB5C22FA03F3184680BD1E
:10656000003802404C9B000880B582B000AF7860D4
:106570007B68002B01D1012341E07B6893F83D301B
:10658000DBB2002B06D17B68002283F83C207868C0
:10659000FCF7BCF87B68022283F83D207B681A6810
:1065A0007B6804331946104600F0D8FA7B68012254
:1065B00083F846207B68012283F83E207B68012215
:1065C00083F83F207B68012283F840207B6801220A
:1065D00083F841207B68012283F842207B680122F6
:1065E00083F843207B68012283F844207B680122E2
:1065F00083F845207B68012283F83D20002318465C
:106600000837BD4680BD80B582B000AF78607B683A
:10661000002B01D1012341E07B6893F83D30DBB2D0
:10662000002B06D17B68002283F83C20786800F0BC
:1066300039F87B68022283F83D207B681A687B6802
:1066400004331946104600F089FA7B68012283F86A
:1066500046207B68012283F83E207B68012283F874
:106660003F207B68012283F840207B68012283F869
:1066700041207B68012283F842207B68012283F855
:1066800043207B68012283F844207B68012283F841
:1066900045207B68012283F83D20002318460837F7
:1066A000BD4680BD80B483B000AF786000BF0C37BA
:1066B000BD465DF8047B704780B584B000AF78605C
:1066C00039603B68002B09D17B6893F83E30DBB220
:1066D000012B14BF01230023DBB222E03B68042B13
:1066E00009D17B6893F83F30DBB2012B14BF012343
:1066F0000023DBB215E03B68082B09D17B6893F8D7
:106700004030DBB2012B14BF01230023DBB208E0D1
:106710007B6893F84130DBB2012B14BF01230023C7
:10672000DBB2002B01D001237CE03B68002B04D1BD
:106730007B68022283F83E2013E03B68042B04D1DF
:106740007B68022283F83F200BE03B68082B04D1D2
:106750007B68022283F8402003E07B68022283F8F2
:1067600041207B681B6801223968184600F0E6FC6E
:106770007B681B682D4A934204D07B681B682C4AB7
:10678000934201D1012300E00023002B07D07B6856
:106790001B685A6C7B681B6842F400425A647B6831
:1067A0001B68224A934222D07B681B68B3F1804F5A
:1067B0001DD07B681B681F4A934218D07B681B68FA
:1067C0001D4A934213D07B681B681C4A93420ED02B
:1067D0007B681B68164A934209D07B681B68184A7D
:1067E000934204D07B681B68164A934211D17B68A0
:1067F0001B689B6803F00703FB60FB68062B10D047
:106800007B681B681A687B681B6842F001021A608B
:1068100007E07B681B681A687B681B6842F001020E
:106820001A60002318461037BD4680BD00000140A5
:10683000000401400004004000080040000C00403B
:10684000004001400018004080B586B000AFF860FD
:10685000B9607A600023FB75FB6893F83C30012B2C
:1068600001D10223AEE0FB68012283F83C207B6863
:106870000C2B00F29F8001A252F823F0B1680008AF
:10688000B5690008B5690008B5690008F168000835
:10689000B5690008B5690008B569000833690008E2
:1068A000B5690008B5690008B56900087369000892
:1068B000FB681B68B968184600F0F6F9FB681B68AE
:1068C0009A69FB681B6842F008029A61FB681B68C2
:1068D0009A69FB681B6822F004029A61FB681B68D6
:1068E0009969BB681A69FB681B680A439A6164E08E
:1068F000FB681B68B968184600F046FAFB681B681D
:106900009A69FB681B6842F400629A61FB681B6825
:106910009A69FB681B6822F480629A61FB681B68B5
:106920009969BB681B691A02FB681B680A439A6174
:1069300043E0FB681B68B968184600F09BFAFB68E7
:106940001B68DA69FB681B6842F00802DA61FB68C1
:106950001B68DA69FB681B6822F00402DA61FB68D5
:106960001B68D969BB681A69FB681B680A43DA614E
:1069700023E0FB681B68B968184600F0EFFAFB6873
:106980001B68DA69FB681B6842F40062DA61FB6825
:106990001B68DA69FB681B6822F48062DA61FB68B5
:1069A0001B68D969BB681B691A02FB681B680A432C
:1069B000DA6102E00123FB7500BFFB68002283F867
:1069C0003C20FB7D18461837BD4680BD80B584B09D
:1069D00000AF786039600023FB737B6893F83C302C
:1069E000012B01D10223B4E07B68012283F83C2013
:1069F0007B68022283F83D207B681B689B68BB6034
:106A0000BB6823F07703BB60BB6823F47F43BB60A4
:106A10007B681B68BA689A603B681B68B3F5005FC7
:106A20003ED0B3F5005F00F28780B3F5805F00F0E1
:106A30008680B3F5805F7FD8702B1AD0702B7BD8FF
:106A4000602B50D0602B77D8502B3CD0502B73D874
:106A5000402B58D0402B6FD8302B64D0302B6BD8C4
:106A6000202B60D0202B67D8002B5CD0102B5AD065
:106A700062E07B6818683B6899683B685A683B68C5
:106A8000DB6800F03BFB7B681B689B68BB60BB68F6
:106A900043F07703BB607B681B68BA689A604FE07D
:106AA0007B6818683B6899683B685A683B68DB6894
:106AB00000F024FB7B681B689A687B681B6842F4C3
:106AC00080429A603CE07B6818683B6859683B6884
:106AD000DB681A4600F098FA7B681B68502118465C
:106AE00000F0F1FA2CE07B6818683B6859683B6855
:106AF000DB681A4600F0B7FA7B681B68602118460D
:106B000000F0E1FA1CE07B6818683B6859683B6854
:106B1000DB681A4600F078FA7B681B68402118464B
:106B200000F0D1FA0CE07B681A683B681B681946D4
:106B3000104600F0C8FA03E00123FB7300E000BF39
:106B40007B68012283F83D207B68002283F83C208B
:106B5000FB7B18461037BD4680BD000080B485B071
:106B600000AF786039607B681B68FB607B68434AD4
:106B7000934213D07B68B3F1804F0FD07B68404ABB
:106B800093420BD07B683F4A934207D07B683E4AD2
:106B9000934203D07B683D4A934208D1FB6823F0BF
:106BA0007003FB603B685B68FA681343FB607B68BB
:106BB000324A93422BD07B68B3F1804F27D07B6859
:106BC0002F4A934223D07B682E4A93421FD07B6882
:106BD0002D4A93421BD07B682C4A934217D07B6886
:106BE0002B4A934213D07B682A4A93420FD07B688A
:106BF000294A93420BD07B68284A934207D07B688E
:106C0000274A934203D07B68264A934208D1FB6807
:106C100023F44073FB603B68DB68FA681343FB6056
:106C2000FB6823F080023B685B691343FB603B68B1
:106C30009A687B68DA623B681A687B689A627B684C
:106C40000E4A934203D07B68104A934203D13B68BB
:106C50001A697B681A637B681B6843F004027B68CF
:106C60001A607B6801225A617B68FA681A6000BF6B
:106C70001437BD465DF8047B704700BF000001403B
:106C80000004004000080040000C004000040140E7
:106C9000004001400044014000480140001800400D
:106CA000001C00400020004080B487B000AF786036
:106CB00039607B681B6A7B617B681B6A23F0010279
:106CC0007B681A627B685B683B617B689B69FB60E1
:106CD000FB6823F07003FB60FB6823F00303FB6099
:106CE0003B681B68FA681343FB607B6923F002036F
:106CF0007B613B689B687A6913437B617B68204AB0
:106D0000934203D07B681F4A93420CD17B6923F0E6
:106D100008037B613B68DB687A6913437B617B69AD
:106D200023F004037B617B68154A934203D07B68A0
:106D3000144A934211D13B6923F480733B613B6950
:106D400023F400733B613B685B693A6913433B6121
:106D50003B689B693A6913433B617B683A695A60B7
:106D60007B68FA689A613B685A687B685A637B68FB
:106D70007A691A6200BF1C37BD465DF8047B704714
:106D8000000001400004014080B487B000AF78608B
:106D900039607B681B6A7B617B681B6A23F0100289
:106DA0007B681A627B685B683B617B689B69FB6000
:106DB000FB6823F4E043FB60FB6823F44073FB6053
:106DC0003B681B681B02FA681343FB607B6923F076
:106DD00020037B613B689B681B017A6913437B61DD
:106DE0007B68224A934203D07B68214A93420DD1AB
:106DF0007B6923F080037B613B68DB681B017A6958
:106E000013437B617B6923F040037B617B68174AF6
:106E1000934203D07B68164A934213D13B6923F413
:106E200080633B613B6923F400633B613B685B69C2
:106E30009B003A6913433B613B689B699B003A693D
:106E400013433B617B683A695A607B68FA689A61D0
:106E50003B685A687B689A637B687A691A6200BFEC
:106E60001C37BD465DF8047B704700BF0000014041
:106E70000004014080B487B000AF786039607B685F
:106E80001B6A7B617B681B6A23F480727B681A62D1
:106E90007B685B683B617B68DB69FB60FB6823F0B8
:106EA0007003FB60FB6823F00303FB603B681B6817
:106EB000FA681343FB607B6923F400737B613B68D2
:106EC0009B681B027A6913437B617B68214A93426A
:106ED00003D07B68204A93420DD17B6923F4006381
:106EE0007B613B68DB681B027A6913437B617B69CA
:106EF00023F480637B617B68164A934203D07B68EE
:106F0000154A934213D13B6923F480533B613B699B
:106F100023F400533B613B685B691B013A691343EF
:106F20003B613B689B691B013A6913433B617B688A
:106F30003A695A607B68FA68DA613B685A687B682C
:106F4000DA637B687A691A6200BF1C37BD465DF858
:106F5000047B7047000001400004014080B487B00A
:106F600000AF786039607B681B6A3B617B681B6A95
:106F700023F480527B681A627B685B687B617B6864
:106F8000DB69FB60FB6823F4E043FB60FB6823F4F0
:106F90004073FB603B681B681B02FA681343FB608D
:106FA0003B6923F400533B613B689B681B033A69D0
:106FB00013433B617B68124A934203D07B68114ABA
:106FC000934209D17B6923F480437B613B685B6911
:106FD0009B017A6913437B617B687A695A607B689D
:106FE000FA68DA613B685A687B681A647B683A69B8
:106FF0001A6200BF1C37BD465DF8047B704700BFB6
:10700000000001400004014080B487B000AFF86088
:10701000B9607A60FB681B6A7B61FB681B6A23F0BE
:107020000102FB681A62FB689B693B613B6923F0C4
:10703000F0033B617B681B013A6913433B617B6949
:1070400023F00A037B617A69BB6813437B61FB68A9
:107050003A699A61FB687A691A6200BF1C37BD46BB
:107060005DF8047B704780B487B000AFF860B9600A
:107070007A60FB681B6A7B61FB681B6A23F0100265
:10708000FB681A62FB689B693B613B6923F47043B0
:107090003B617B681B033A6913433B617B6923F0C7
:1070A000A0037B61BB681B017A6913437B61FB68AA
:1070B0003A699A61FB687A691A6200BF1C37BD465B
:1070C0005DF8047B704780B485B000AF78603960AC
:1070D0007B689B68FB60FB6823F07003FB603A6889
:1070E000FB68134343F00703FB607B68FA689A6010
:1070F00000BF1437BD465DF8047B704780B487B08D
:1071000000AFF860B9607A603B60FB689B687B61A8
:107110007B6923F47F437B613B681A027B681A43D7
:10712000BB6813437A6913437B61FB687A699A6091
:1071300000BF1C37BD465DF8047B704780B487B044
:1071400000AFF860B9607A60BB6803F01F030122EA
:1071500002FA03F37B61FB681A6A7B69DB431A401E
:10716000FB681A62FB681A6ABB6803F01F03796840
:1071700001FA03F31A43FB681A6200BF1C37BD46CD
:107180005DF8047B7047000080B485B000AF786084
:1071900039607B6893F83C30012B01D102235AE01F
:1071A0007B68012283F83C207B68022283F83D2023
:1071B0007B681B685B68FB607B681B689B68BB60C7
:1071C000FB6823F07003FB603B681B68FA6813439D
:1071D000FB607B681B68FA685A607B681B68214A01
:1071E000934222D07B681B68B3F1804F1DD07B682F
:1071F0001B681D4A934218D07B681B681B4A934248
:1072000013D07B681B681A4A93420ED07B681B68B8
:10721000184A934209D07B681B68174A934204D0EE
:107220007B681B68154A93420CD1BB6823F080032E
:10723000BB603B685B68BA681343BB607B681B68D4
:10724000BA689A607B68012283F83D207B6800223F
:1072500083F83C20002318461437BD465DF8047BB4
:10726000704700BF000001400004004000080040DB
:10727000000C0040000401400040014000180040A4
:1072800080B485B000AF786039600023FB607B6814
:1072900093F83C30012B01D102233DE07B680122B1
:1072A00083F83C20FB6823F0FF023B68DB68134354
:1072B000FB60FB6823F440723B689B681343FB60F0
:1072C000FB6823F480623B685B681343FB60FB68E8
:1072D00023F400623B681B681343FB60FB6823F4E4
:1072E00080523B681B691343FB60FB6823F4005228
:1072F0003B685B691343FB60FB6823F480423B6897
:10730000DB691343FB607B681B68FA685A647B681F
:10731000002283F83C20002318461437BD465DF850
:10732000047B704780B582B000AF78607B68002B2B
:1073300001D1012342E07B6893F84130DBB2002B9E
:1073400006D17B68002283F840207868FBF772FA48
:107350007B68242283F841207B681B68DA687B689D
:107360001B6822F40052DA60786800F0D3FD7B6875
:107370001B681A697B681B6822F490421A617B685B
:107380001B685A697B681B6822F02A025A617B6875
:107390001B68DA687B681B6842F40052DA607B681D
:1073A00000225A647B68202283F841207B682022D7
:1073B00083F842207B6800225A630023184608376E
:1073C000BD4680BD80B58AB002AFF860B9603B6051
:1073D0001346FB8000237B61FB6893F84130DBB2EE
:1073E000202B75D1BB68002B02D0FB88002B01D16C
:1073F00001236EE0FB6800225A64FB68212283F8B7
:107400004120FBF79DFC7861FB68FA889A84FB6851
:10741000FA88DA84FB689B68B3F5805F08D1FB6863
:107420001B69002B04D10023FB61BB68BB6103E037
:10743000BB68FB610023BB612EE03B6800937B6966
:1074400000228021F86800F037FB0346002B05D0AE
:10745000FB68202283F8412003233AE0FB69002BDC
:107460000BD1BB691B881A46FB681B68C2F3080274
:107470005A60BB690233BB6107E0FB691A78FB689D
:107480001B685A60FB690133FB61FB68DB8C9BB2B4
:10749000013B9AB2FB68DA84FB68DB8C9BB2002B61
:1074A000CBD13B6800937B6900224021F86800F053
:1074B00003FB0346002B05D0FB68202283F8412004
:1074C000032306E0FB68202283F84120002300E02C
:1074D000022318462037BD4680BD80B584B000AF7A
:1074E000F860B9601346FB80FB6893F84230DBB26A
:1074F000202B12D1BB68002B02D0FB88002B01D1BE
:1075000001230BE0FB6800221A63FB881A46B96866
:10751000F86800F02AFB034600E002231846103703
:10752000BD4680BD80B5BAB000AF78607B681B688F
:107530001B68C7F8E4307B681B68DB68C7F8E0307D
:107540007B681B685B69C7F8DC300023C7F8D8305C
:107550000023C7F8D430D7F8E43003F00F03C7F89E
:10756000D830D7F8D830002B0FD1D7F8E43003F05B
:107570002003002B09D0D7F8E03003F02003002BC4
:1075800003D0786800F007FC73E2D7F8D830002BFE
:1075900000F0DE80D7F8DC3003F00103002B06D1C9
:1075A000D7F8E03003F49073002B00F0D180D7F8C7
:1075B000E43003F00103002B0BD0D7F8E03003F4E4
:1075C0008073002B05D07B685B6C43F001027B6805
:1075D0005A64D7F8E43003F00403002B0BD0D7F83B
:1075E000DC3003F00103002B05D07B685B6C43F0BB
:1075F00002027B685A64D7F8E43003F00203002BE0
:107600000BD0D7F8DC3003F00103002B05D07B68EA
:107610005B6C43F004027B685A64D7F8E43003F0F3
:107620000803002B11D0D7F8E03003F02003002B23
:1076300005D1D7F8DC3003F00103002B05D07B68BF
:107640005B6C43F008027B685A647B685B6C002BC0
:1076500000F00A82D7F8E43003F02003002B08D0B2
:10766000D7F8E03003F02003002B02D0786800F058
:1076700092FB7B681B685B6903F04003402B0CBFE7
:1076800001230023DBB2C7F8D4307B685B6C03F0C6
:107690000803002B03D1D7F8D430002B4FD07868E3
:1076A00000F09DFA7B681B685B6903F04003402B88
:1076B00041D17B681B681433C7F89C30D7F89C30E5
:1076C00053E8003FC7F89830D7F8983023F04003CC
:1076D000C7F8D0307B681B681433D7F8D020C7F8C0
:1076E000A820C7F8A430D7F8A410D7F8A82041E8FC
:1076F0000023C7F8A030D7F8A030002BD9D17B6881
:10770000DB6B002B13D07B68DB6B8A4A1A657B68C6
:10771000DB6B1846FCF7FCFC0346002B16D07B689D
:10772000DB6B1B6D7A68D26B104698470EE0786869
:1077300000F0ACF90AE0786800F0A8F906E0786893
:1077400000F0A4F97B6800225A648DE100BF8BE150
:107750007B681B6B012B40F06781D7F8E43003F0A6
:107760001003002B00F06081D7F8E03003F0100325
:10777000002B00F059810023BB607B681B681B68ED
:10778000BB607B681B685B68BB60BB687B681B6811
:107790005B6903F04003402B40F0CE807B68DB6BDD
:1077A0001B685B68A7F8BE30B7F8BE30002B00F04E
:1077B000A9807B689B8DB7F8BE209A4280F0A2809A
:1077C0007B68B7F8BE20DA857B68DB6BDB69B3F5D5
:1077D000807F00F088807B681B680C33C7F8883096
:1077E000D7F8883053E8003FC7F88430D7F88430A2
:1077F00023F48073C7F8B8307B681B680C33D7F864
:10780000B820C7F89420C7F89030D7F89010D7F870
:10781000942041E80023C7F88C30D7F88C30002B37
:10782000D9D17B681B6814337B677B6F53E8003FBB
:107830003B673B6F23F00103C7F8B4307B681B68DC
:107840001433D7F8B420C7F88020FB67F96FD7F856
:10785000802041E80023BB67BB6F002BE1D17B6830
:107860001B6814333B663B6E53E8003FFB65FB6DC2
:1078700023F04003C7F8B0307B681B681433D7F897
:10788000B020FA66BB66B96EFA6E41E800237B66EB
:107890007B6E002BE3D17B68202283F842207B683B
:1078A00000221A637B681B680C33FB64FB6C53E893
:1078B000003FBB64BB6C23F01003C7F8AC307B689F
:1078C0001B680C33D7F8AC20BA657B65796DBA6D4F
:1078D00041E800233B653B6D002BE3D17B68DB6B0C
:1078E0001846FCF7A5FB7B6802225A637B689A8DD9
:1078F0007B68DB8D9BB2D31A9BB21946786800F087
:10790000CFF8B3E07B689B8DB7F8BE209A4240F079
:10791000AD807B68DB6BDB69B3F5807F40F0A680D0
:107920007B6802225A637B689B8D1946786800F059
:10793000B7F89BE0A57C00087B689A8D7B68DB8D9F
:107940009BB2D31AA7F8CE307B68DB8D9BB2002B9D
:1079500000F08E80B7F8CE30002B00F089807B6875
:107960001B680C33BB63BB6B53E8003F7B637B6BD3
:1079700023F49073C7F8C8307B681B680C33D7F8C2
:10798000C8207A643B64396C7A6C41E80023FB635D
:10799000FB6B002BE3D17B681B6814337B627B6A33
:1079A00053E8003F3B623B6A23F00103C7F8C43051
:1079B0007B681B681433D7F8C4203A63FB62F96A0A
:1079C0003A6B41E80023BB62BB6A002BE3D17B68C2
:1079D000202283F842207B6800221A637B681B68A0
:1079E0000C333B613B6953E8003FFB60FB6823F0CD
:1079F0001003C7F8C0307B681B680C33D7F8C02071
:107A0000FA61BB61B969FA6941E800237B617B696E
:107A1000002BE3D17B6802225A63B7F8CE301946B7
:107A2000786800F03DF823E0D7F8E43003F08003F5
:107A3000002B09D0D7F8E03003F08003002B03D0EF
:107A4000786800F040F914E0D7F8E43003F0400320
:107A5000002B0ED0D7F8E03003F04003002B08D005
:107A6000786800F080F904E000BF02E000BF00E0A9
:107A700000BFE837BD4680BD80B483B000AF7860FA
:107A800000BF0C37BD465DF8047B704780B483B0FF
:107A900000AF786000BF0C37BD465DF8047B7047CF
:107AA00080B483B000AF78600B467B8000BF0C379A
:107AB000BD465DF8047B704780B586B000AFF860C6
:107AC000B9603B601346FB713BE03B6AB3F1FF3F9B
:107AD00037D0FBF735F902463B68D31A3A6A9A4227
:107AE00002D33B6A002B01D103233AE0FB681B68F9
:107AF000DB6803F00403002B23D0BB68802B20D06D
:107B0000BB68402B1DD0FB681B681B6803F0080393
:107B1000082B16D100237B61FB681B681B687B6107
:107B2000FB681B685B687B617B69F86800F057F84D
:107B3000FB6808225A64FB68002283F84020012376
:107B40000FE0FB681B681A68BB681340BA689A426A
:107B50000CBF01230023DBB21A46FB799A42B4D052
:107B6000002318461837BD4680BD80B485B000AFED
:107B7000F860B9601346FB80FB68BA689A62FB68DC
:107B8000FA889A85FB68FA88DA85FB6800225A64CD
:107B9000FB68222283F84220FB681B69002B07D078
:107BA000FB681B68DA68FB681B6842F48072DA6065
:107BB000FB681B685A69FB681B6842F001025A6146
:107BC000FB681B68DA68FB681B6842F02002DA6019
:107BD000002318461437BD465DF8047B704780B417
:107BE00095B000AF78607B681B680C337B637B6B60
:107BF00053E8003F3B633B6B23F49073FB647B686B
:107C00001B680C33FA6C3A64FB63F96B3A6C41E81D
:107C10000023BB63BB6B002BE5D17B681B6814336F
:107C20003B623B6A53E8003FFB61FB6923F00103C1
:107C3000BB647B681B681433BA6CFA62BB62B96AB6
:107C4000FA6A41E800237B627B6A002BE5D17B68FE
:107C50001B6B012B19D17B681B680C33FB60FB6825
:107C600053E8003FBB60BB6823F010037B647B6874
:107C70001B680C337A6CBA617B617969BA6941E837
:107C800000233B613B69002BE5D17B68202283F810
:107C900042207B6800221A6300BF5437BD465DF85E
:107CA000047B704780B584B000AF78607B689B6BC5
:107CB000FB60FB680022DA85F868FFF7E7FE00BF8B
:107CC0001037BD4680BD80B485B000AF78607B685A
:107CD00093F84130DBB2212B3ED17B689B68B3F532
:107CE000805F14D17B681B69002B10D17B681B6AF5
:107CF000FB60FB681B881A467B681B68C2F308029E
:107D00005A607B681B6A9A1C7B681A6208E07B6871
:107D10001B6A591C7A6811621A787B681B685A6062
:107D20007B68DB8C9BB2013B9BB27A681946D1849D
:107D3000002B0FD17B681B68DA687B681B6822F018
:107D40008002DA607B681B68DA687B681B6842F037
:107D50004002DA60002300E0022318461437BD46D3
:107D60005DF8047B704780B582B000AF78607B68B7
:107D70001B68DA687B681B6822F04002DA607B6867
:107D8000202283F841207868FFF776FE002318460A
:107D90000837BD4680BD80B58CB000AF7860002349
:107DA000FB620023BB627B6893F84230DBB2222B7C
:107DB00040F0AA807B689B68B3F5805F15D17B6833
:107DC0001B69002B11D17B689B6ABB627B681B68B7
:107DD0005B689BB2C3F308039AB2BB6A1A807B68E4
:107DE0009B6A9A1C7B689A6224E07B689B6AFB62B0
:107DF0007B689B68B3F5805F07D07B689B68002B2E
:107E00000AD17B681B69002B06D17B681B685B6805
:107E1000DAB2FB6A1A7008E07B681B685B68DBB249
:107E200003F07F03DAB2FB6A1A707B689B6A5A1C04
:107E30007B689A627B68DB8D9BB2013B9BB27A6860
:107E40001946D185002B5DD17B681B68DA687B6899
:107E50001B6822F02002DA607B681B68DA687B68A6
:107E60001B6822F48072DA607B681B685A697B6841
:107E70001B6822F001025A617B68202283F84220AD
:107E80007B6800225A637B681B6B012B35D17B68B2
:107E900000221A637B681B680C337B617B6953E8A3
:107EA000003F3B613B6923F010037B627B681B68EA
:107EB0000C337A6A3A62FB61F9693A6A41E8002355
:107EC000BB61BB69002BE5D17B681B681B6803F0B5
:107ED0001003102B0AD10023FB607B681B681B6812
:107EE000FB607B681B685B68FB60FB687B689B8D45
:107EF00019467868FFF7D4FD02E07868FAF730FE9B
:107F0000002302E0002300E0022318463037BD467C
:107F100080BD00002DE9B04FC0B000AFC7F8F4003D
:107F2000D7F8F4301B681B6923F44050D7F8F430BD
:107F3000D968D7F8F4301A6840EA01031361D7F81A
:107F4000F4309A68D7F8F4301B691A43D7F8F43044
:107F50005B691A43D7F8F430DB691343C7F8F8308C
:107F6000D7F8F4301B68DB6823F4164121F00C01CC
:107F7000D7F8F4301A68D7F8F8300B43D360D7F845
:107F8000F4301B685B6923F44070D7F8F4309969CA
:107F9000D7F8F4301A6840EA01035361D7F8F43097
:107FA0001A688F4B9A4205D0D7F8F4301A688D4B77
:107FB0009A4204D1FEF7C4FAC7F8FC0003E0FEF7CA
:107FC000ABFAC7F8FC00D7F8F430DB69B3F5004F23
:107FD00040F00C81D7F8FC300022C7F8E830C7F831
:107FE000EC20D7E93A4522462B469118B9655B410A
:107FF000FB65D7E91623214612EB0108294643EB1E
:1080000001094FF000024FF000034FEAC90343EAB1
:1080100058734FEAC80290469946234618EB03036B
:10802000C7F8E0302B4649EB0303C7F8E430D7F834
:10803000F4305B680022C7F8D830C7F8DC20D7E9F5
:1080400036120B46DB183B65134642EB03037B6598
:10805000D7E91423D7E93801F8F76AF902460B4645
:10806000614BA3FB02235B091C01D7F8FC30002203
:10807000C7F8D030C7F8D420D7E9348942464B46F8
:108080009118B9645B41FB64D7E91223414612EBB6
:10809000010A494643EB010B4FF000024FF0000389
:1080A0004FEACB0343EA5A734FEACA0292469B4611
:1080B00043461AEB0303C7F8C8304B464BEB0303A8
:1080C000C7F8CC30D7F8F4305B680022C7F8C0306E
:1080D000C7F8C420D7E930120B46DB183B641346BF
:1080E00042EB03037B64D7E91023D7E93201F8F7A9
:1080F0001FF902460B4611463B4BA3FB01235B09CC
:10810000642202FB03F3CB1ADB0003F13202364B8D
:10811000A3FB02235B095B0003F4F8731C44D7F84C
:10812000FC300022C7F8B830C7F8BC20D7E92E8948
:1081300042464B469118B9635B41FB63D7E90E2376
:1081400041465118396349464B417B634FF0000269
:108150004FF00003D7E90CAB5946CB00514643EA38
:1081600051735146CA0010461946034642469B18B1
:10817000C7F8B0304B460A4642EB0303C7F8B430A9
:10818000D7F8F4305B680022C7F8A830C7F8AC20F5
:10819000D7E92A120B46DB18BB62134642EB0303F6
:1081A000FB62D7E90A23D7E92C01F8F7C1F80246A8
:1081B0000B460D4BA3FB02135B09642101FB03F388
:1081C000D31ADB003233084AA2FB03235B0903F016
:1081D0000702D7F8F4301B6822449A6006E100BF1A
:1081E00000100140001401401F85EB51D7F8FC300E
:1081F0000022C7F8A030C7F8A420D7E92889424652
:108200004B46911839625B417B62D7E908234146AE
:108210005418494643EB01054FF000024FF00003AC
:10822000EB0043EA5473E20014461D464346E3184C
:10823000C7F898304B4645EB0303C7F89C30D7F896
:10824000F4305B680022C7F89030C7F894204FF0F4
:1082500000024FF00003D7E9244529468B00214650
:1082600043EA917321468A00D7E92601F8F760F8BE
:1082700002460B46604BA3FB02235B091C01D7F8A7
:10828000FC300022C7F88830C7F88C20D7E9228953
:1082900042464B469118B9615B41FB61D7E9062321
:1082A00041465118396149464B417B614FF000020C
:1082B0004FF00003D7E904AB5946CB00514643EADF
:1082C00051735146CA0010461946034642469B1850
:1082D000C7F880304B460A4642EB0303C7F88430A8
:1082E000D7F8F4305B680022BB67FA674FF00002F2
:1082F0004FF00003D7E91E8949468B00414643EA07
:10830000917341468A00D7E92001F8F711F8024637
:108310000B461146384BA3FB01235B09642202FB89
:1083200003F3CB1A1B013233334AA2FB03235B094D
:1083300003F0F0031C44D7F8FC3000223B677A6757
:10834000D7E91C8942464B469118B9605B41FB60F6
:10835000D7E9022341465118396049464B417B60B9
:108360004FF000024FF00003D7E900AB5946CB00B5
:10837000514643EA51735146CA0010461946034616
:1083800042469B18BB664B460A4642EB0303FB661C
:10839000D7F8F4305B6800223B667A664FF0000243
:1083A0004FF00003D7E9188949468B00414643EA5C
:1083B000917341468A00D7E91A01F7F7B9FF0246DF
:1083C0000B460D4BA3FB02135B09642101FB03F376
:1083D000D31A1B013233084AA2FB03235B0903F0C3
:1083E0000F02D7F8F4301B6822449A6000BF07F5EB
:1083F0008077BD46BDE8B08F1F85EB51B1F90C20E9
:108400002DE9F041160705460C4654D44B68002B65
:1084100002DC0B6C002B48DDE66A002E45D0002301
:1084200012F480522F68216A2B6030D0626DA389CC
:10843000590705D56368D21A636B0BB1236CD21A46
:108440000023E66A216A2846B047431CA38906D167
:1084500029681D292BD82A4ACA40D60727D50022C9
:108460006260D9042269226004D5421C01D12B68C4
:1084700003B96065616B2F60B9B104F1440399429F
:1084800002D0284600F008FB002363630DE00123BF
:108490002846B0470246501CC9D12B68002BC6D0D5
:1084A0001D2B01D0162B1ED12F60002022E043F09F
:1084B00040031BB21BE00F69002FF6D093070E6834
:1084C00008BF4B690F6018BF0023A6EB07088B603D
:1084D000B8F1000FE9DD216AA66A43463A4628460C
:1084E000B047002808DCB4F90C3043F04003A38106
:1084F0004FF0FF30BDE8F0810744A8EB0008E7E744
:108500000100402038B50B6905460C4613B900251B
:10851000284638BD18B1036A0BB900F0BBF8B4F9AE
:108520000C30002BF3D0626ED00704D4990502D42E
:10853000A06D00F0AEFA28462146FFF75FFF636E9C
:10854000DA070546E4D4A3899B05E1D4A06D00F0C9
:10855000A1FADDE7014620B9044A0549054800F0C3
:10856000B1B8054B1868FFF7CDBF00BF2800002049
:10857000058500083800002034000020002310B5D5
:108580000446C0E90033C0E9043383608181436657
:10859000C2818361194608225C3000F001FA0D4B5C
:1085A00063620D4BA3620D4BE3620D4B23630D4BD6
:1085B00024629C4206D003F16802944202D0D03378
:1085C0009C4205D104F15800BDE8104000F060BAAB
:1085D00010BD00BFF1870008138800084B88000811
:1085E0006F88000848030020024A0349034800F04E
:1085F00069B800BF28000020058500083800002069
:1086000041680C4B994210B5044601D0FFF77AFF40
:10861000A168094B994202D02046FFF773FFE16839
:10862000064B994204D02046BDE81040FFF76ABFD0
:1086300010BD00BF48030020B00300201804002034
:1086400010B50B4B0B4C0C4A1A602046002204213B
:10865000FFF794FF04F1680001220921FFF78EFF64
:1086600004F1D0000222BDE810401221FFF786BFBE
:108670008004002048030020E9850008014800F03C
:1086800008BA00BF89040020014800F003BA00BF07
:108690008904002010B50446FFF7F0FF236A1BB1E0
:1086A000BDE81040FFF7F0BF044B2362044B1B688A
:1086B000002BF5D1FFF7C4FFF2E700BF01860008E9
:1086C000800400202DE9F84307468846144600261A
:1086D000D4E90195B9F1010905D52468002CF7D139
:1086E0003046BDE8F883AB89012B07D9B5F90E30C8
:1086F000013303D029463846C04706436835E9E7C9
:108700000FB407B5064904AB086853F8042B816819
:10871000019300F0E3FA03B05DF804EB04B0704796
:1087200034000020024B01461868826800F0DCBD6E
:1087300034000020036A70B5846805460E460BB904
:10874000FFF7A8FF636EDB0705D4A389980502D461
:10875000A06D00F09EF9A389190702D52369002BAB
:1087600035D12146284600F0C5F880B34FF0FF35DB
:10877000636EDA0705D4A3899B0502D4A06D00F0CF
:1087800089F9284670BD002B04DAA2699A4217DCE9
:108790000A2915D023685A1C22601970A36816F89C
:1087A000011F013BA3600029EDD1002B11DA224605
:1087B0000A21284600F05FF80130D7D00A25D7E714
:1087C0002246284600F057F80130E7D1CEE7013EB7
:1087D000E4E723685A1C22600A221A70EEE70000C0
:1087E000024B01461868FFF7A5BF00BF3400002008
:1087F00010B50C46B1F90E1000F0FCF80028ABBF24
:10880000636DA3891B1823F48053ACBF6365A381F8
:1088100010BD2DE9F0411F468B89DB0505460C464E
:10882000164605D5B1F90E100223002200F0D0F84B
:10883000A389B4F90E1023F48053A38132463B463A
:108840002846BDE8F04100F0E7B810B50C46B1F994
:108850000E1000F0BDF8431CA38915BF606523F41A
:10886000805343F48053A38118BFA38110BDB1F995
:108870000E1000F09DB8F8B50E461446054618B126
:10888000036A0BB9FFF706FFA369A360A3891A0760
:1088900001D5236943B92146284600F02BF818B1C9
:1088A0004FF0FF373846F8BD23682269981A63698C
:1088B000F6B28342374605DC21462846FFF722FE02
:1088C0000028EDD1A368013BA36023685A1C2260F5
:1088D0001E706269431C9A4204D0A389DB07E1D56C
:1088E0000A2EDFD121462846FFF70CFE0028D9D0FA
:1088F000D6E7000038B5294B054618680C4618B174
:10890000036A0BB9FFF7C6FEB4F90C30190722D47D
:10891000DA0607D409222A6043F04003A3814FF00E
:10892000FF3033E0580712D5616B41B104F14403C5
:10893000994202D0284600F0AFF800236363A38970
:1089400023F02403A3810023636023692360A389A8
:1089500043F00803A38123694BB9A38903F420736F
:10896000B3F5007F03D02146284600F081FCB4F91E
:108970000C3013F001020AD00022A2606269524258
:10898000A261226942B913F08000C5D138BD9907B0
:1089900058BF6269A260F4E70020F7E734000020C6
:1089A00002440346934200D1704703F8011BF9E7E4
:1089B00038B5064D0023044608462B60FAF711F837
:1089C000431C02D12B6803B1236038BD840400200E
:1089D00038B5074D04460846114600222A601A465B
:1089E000FAF726F8431C02D12B6803B1236038BD87
:1089F0008404002038B5074D04460846114600227D
:108A00002A601A46F9F7B4FF431C02D12B6803B160
:108A1000236038BD8404002038B5074D044608465D
:108A2000114600222A601A46F9F7BFFF431C02D103
:108A30002B6803B1236038BD84040020014B186803
:108A4000704700BF3400002070B50D4D0D4C641B05
:108A5000A4100026A64209D10B4D0C4C00F0AAFC34
:108A6000641BA4100026A64205D170BD55F8043B36
:108A700098470136EEE755F8043B98470136F2E790
:108A8000989B0008989B0008989B00089C9B0008F6
:108A9000704770477047000038B50546002941D03F
:108AA00051F8043C0C1F002BB8BFE41800F0E0F8AC
:108AB0001D4A136833B9636014602846BDE8384026
:108AC00000F0DCB8A34208D9206821188B4201BF0E
:108AD00019685B6809182160EDE71A465B680BB1FD
:108AE000A342FAD911685018A0420BD12068014462
:108AF000501883421160E0D118685B6853600844E5
:108B00001060DAE702D90C232B60D6E72068211821
:108B10008B4204BF19685B68636004BF0918216059
:108B20005460CAE738BD00BF9004002070B50F4EF6
:108B30000C463168054611B900F02CFC3060214626
:108B4000284600F027FC431C03D14FF0FF34204699
:108B500070BDC41C24F00304A042F8D0211A28469A
:108B600000F018FC0130F2D1EFE700BF8C040020C8
:108B70002DE9F843CD1C25F0030508350C2D38BF31
:108B80000C25002D064601DBA94204D90C233360D5
:108B90000020BDE8F883DFF8D48000F069F8D8F849
:108BA00000301C4644BB29463046FFF7BFFF431C3C
:108BB000044658D1D8F800402746002F43D1002C56
:108BC0004BD023683946304604EB030900F0E2FB42
:108BD000814542D121686D1A29463046FFF7A6FF2C
:108BE00001303AD023682B442360D8F800305A680B
:108BF00062BBC8F800700FE02268521B20D40B2A19
:108C000017D96119A342256018BF5960636808BF6E
:108C1000C8F8001062514B60304600F02FF804F1A4
:108C20000B00231D20F00700C21A1CBF1B1AA35003
:108C3000AFE76268A3420CBFC8F800205A60EBE7B8
:108C400023466468AEE73C467F68B6E71A465B6831
:108C5000A342FBD100235360DEE70C233360304690
:108C600000F00CF894E70560D6E700BF9004002000
:108C70000148FFF70EBF00BF880400200148FFF73E
:108C800009BF00BF880400209368013B002B10B48B
:108C9000936008DA9469A34201DB0A2903D15DF8E5
:108CA000044BFFF7E8BD1368581C106019700846A4
:108CB0005DF8044B7047F8B506460F461446D518C4
:108CC000AC4201D1002007E014F8011B3A463046BF
:108CD000FFF7DAFF431CF3D1F8BD00002DE9F04F98
:108CE0000D469DB014469846064618B1036A0BB966
:108CF000FFF7D0FC6B6ED90705D4AB899A0502D477
:108D0000A86DFFF7C6FEAB891B0701D52B699BB980
:108D100029463046FFF7EEFD70B16B6EDC0704D5D7
:108D20004FF0FF301DB0BDE8F08FAB899805F7D448
:108D3000A86DFFF7AFFEF3E70023099320238DF81A
:108D40002930CDF80C803023DFF8AC818DF82A3043
:108D50004FF0010923469A4613F8012B0AB1252A40
:108D6000F9D1BAEB040B0BD05B46224629463046BC
:108D7000FFF7A1FF013000F0A780099A5A44099239
:108D80009AF80030002B00F09F8000234FF0FF3254
:108D9000CDE905230AF1010A049307938DF85330B6
:108DA0001A935446052214F8011B5348F7F720FA8A
:108DB000049AD8B9D10644BF20238DF85330130745
:108DC00044BF2B238DF853309AF800302A2B15D04E
:108DD000079A544600204FF00A0C214611F8013B37
:108DE000303B092B4BD9B0B1079214E0A0EB08033C
:108DF00009FA03F313430493A246D2E7039B191D18
:108E00001B680391002BBBBF5B4242F00202079339
:108E10000793B8BF049223782E2B0AD163782A2BAC
:108E200032D1039B1A1D1B68039243EAE373023499
:108E30000593DFF8D4A0217803225046F7F7D8F93C
:108E400038B1049BA0EB0A00402282401343013456
:108E5000049314F8011B29488DF828100622F7F70F
:108E6000C7F900283FD0264B1BBB039B073323F0D9
:108E7000070308330393099B3B4409936AE70CFB00
:108E800002320C460120A8E700230134059319465D
:108E90004FF00A0C204610F8012B303A092A03D96A
:108EA000002BC6D00591C4E70CFB01210446012329
:108EB000F0E703AB00932A46124B04A93046AFF308
:108EC00000800746781CD6D16B6ED90705D4AB89D4
:108ED0009A0502D4A86DFFF7DDFDAB895B063FF56F
:108EE0001FAF09981EE703AB00932A46054B04A960
:108EF000304600F079F8E4E75C9B0008669B0008C8
:108F000000000000B78C0008629B00082DE9F047C4
:108F1000164698468A680B69DDF820909342B8BFE0
:108F20001346336091F8432007460C460AB10133DB
:108F300033602368990642BF336802333360256883
:108F400015F0060506D104F1190AE36832689B1A88
:108F5000AB4226DC94F843302268003B18BF012363
:108F600092062BD404F1430241463846C8470130EB
:108F70001ED02368226903F00603042B02BFE568B4
:108F80003368ED1AA3680CBF25EAE5750025934206
:108F9000C4BF9B1AED1800261A34B5421AD100201E
:108FA00008E00123524641463846C847013003D104
:108FB0004FF0FF30BDE8F0870135C6E7E1185A1CD5
:108FC000302081F84300224494F8451082F8431081
:108FD0000233C7E70123224641463846C8470130DD
:108FE000E6D00136D9E700002DE9FF470F7E0C9E41
:108FF000782F914680460C469A4601F1430207D8E5
:10900000622F0AD8002F00F0D180582F00F0B880CE
:1090100004F1420684F842703AE0A7F16303152B8D
:10902000F6D801A151F823F081900008959000082E
:10903000119000081190000811900008119000088C
:1090400095900008119000081190000811900008F8
:109050001190000893910008BF9000084D910008FE
:109060001190000811900008B591000811900008B7
:10907000BF90000811900008119000085591000859
:1090800033681A1D1B68326004F1420684F84230CE
:1090900001239CE033682068191D3160060601D564
:1090A0001D6803E04506FBD5B3F90050002D03DA37
:1090B0002D236D4284F8433058480A2311E021687B
:1090C0003368080653F8045B02D4490648BFADB2C2
:1090D0006F2F5248336014BF0A230823002184F8FD
:1090E00043106668A660002E05DB21682E4321F040
:1090F000040121604BD01646B5FBF3F103FB115779
:10910000C75D06F8017D2F46BB420D46F4D9082BFA
:109110000BD12368DF0708D5236961689942DEBF58
:10912000302306F8013C06F1FF36921B2261CDF890
:1091300000A04B4603AA21464046FFF7E7FE013058
:109140004AD14FF0FF3004B0BDE8F087236843F008
:10915000200323603248782784F8457023683168FB
:109160001F0651F8045B02D45F0648BFADB2316000
:10917000D90744BF43F0200323601DB11023ADE79E
:109180002648E9E7236823F020032360F6E7164624
:10919000BDE7336825686169181D30602E061B68BD
:1091A00001D5196002E06806FBD519800023236110
:1091B0001646BCE733681A1D32601E6862680021DB
:1091C0003046F7F715F808B1801B606063682361CB
:1091D000002384F84330AAE72369324649464046D3
:1091E000D0470130ADD023689B0713D4E068039BC0
:1091F0009842B8BF1846A6E7012332464946404682
:10920000D04701309DD00135E36803995B1AAB422A
:10921000F2DCEBE7002504F11906F5E76D9B000889
:109220007E9B000870B50C46B1F90E10002996B06F
:1092300015461E460DDAA38913F0800F4FF000018A
:1092400014BF40234FF48063002031602B6016B0C0
:1092500070BD6A4600F07CF80028ECDB019901F44F
:109260007041A1F50053594259414FF48063EBE737
:109270008B89F7B59D0706460C4607D504F14703D1
:10928000236023610123636103B0F0BD01AB6A4633
:10929000FFF7C8FF009F054639463046FFF768FCD8
:1092A00048B9B4F90C309A05EED423F0030343F027
:1092B0000203A381E2E7A389206043F08003A38136
:1092C000019BC4E904075BB1B4F90E10304600F00D
:1092D00051F828B1A38923F0030343F00103A381CC
:1092E000A3891D43A581CFE770B50D4614460646F8
:1092F00018B1036A0BB9FFF7CDF9636ED80705D42F
:10930000A389990502D4A06DFFF7C3FBA368013BB5
:10931000002BA36005DAA269934212DBEBB20A2BA1
:109320000FD023685A1C22601D70EDB2636EDA07FD
:1093300005D4A3899B0502D4A06DFFF7ABFB28469B
:1093400070BD294622463046FFF795FA0546EDE7FF
:1093500038B5074D00230446084611462B60F9F73F
:109360004CFB431C02D12B6803B1236038BD00BF06
:109370008404002038B5064D0023044608462B60BF
:10938000F9F74BFB431C02D12B6803B1236038BDB6
:109390008404002038B5064D0023044608462B609F
:1093A000F9F754FB431C02D12B6803B1236038BD8D
:1093B00084040020F8B500BFF8BC08BC9E46704786
:0C93C000F8B500BFF8BC08BC9E46704722
:1093CC005468652049324320446576696365206999
:1093DC0073206E6F74205265616479200000000068
:1093EC00546865204465766963652069732052650D
:1093FC0061647920000000004552524F523A2046D9
:10940C0061696C656420746F2073656E64205245CD
:10941C0053455420636F6D6D616E642E0000000027
:10942C00535543434553533A205265736574206337
:10943C006F6D6D616E642073656E742E20436F6E5C
:10944C0074696E75696E67207769746820636F6ED6
:10945C0066696775726174696F6E2E2E2E0000003E
:10946C004661696C656420746F20646F2074686554
:10947C0020436F6E66696775726174696F6E200048
:10948C00436F6E66696775726174696F6E20776180
:10949C007320646F6E6520537563636573736675B3
:1094AC006C6C7920000000004661696C6564207466
:1094BC006F20646F207468652043616C696272610F
:1094CC0074696F6E2000000043616C696272617494
:1094DC00696F6E2077617320646F6E6520537563BE
:1094EC006365737366756C6C7920000041637475E9
:1094FC00616C20436F6E6669673A20307825303492
:10950C00580A00004552524F523A20436F6E66691A
:10951C0067207772697465206661696C65642100E7
:10952C00436F756C64206E6F742072656164207477
:10953C00686520566F6C746167652066726F6D206C
:10954C00566F6C74616765205265676973746572D8
:10955C00200000005261772042757320566F6C74A6
:10956C006167653A203078253034580A00000000D5
:10957C00526561642074686520566F6C7461676510
:10958C002066726F6D2074686520566F6C7461670D
:10959C0065205265676973746572205375636365E2
:1095AC00737366756C6C792000000000436F756CEA
:1095BC0064206E6F7420726561642074686520434A
:1095CC00757272656E742066726F6D20437572725F
:1095DC00656E7420526567697374657220000000B3
:1095EC0052656164207468652063757272656E746F
:1095FC002066726F6D2043757272656E74205265B1
:10960C0067697374657220537563636573736675EC
:10961C006C6C792000000000436F756C64206E6FD9
:10962C00742072656164205368756E7420566F6C7B
:10963C007461676500000000526177205368756E95
:10964C007420566F6C746167653A2030782530341D
:10965C00580A00002D2D2D205374617274696E67A9
:10966C002049324320427573205363616E202D2DA7
:10967C002D0000002D2D3E20535543434553533AA6
:10968C00204932432044657669636520466F756EC8
:10969C006420617420416464726573733A2030787D
:1096AC00253032580A0000002D2D3E204641494CF1
:1096BC0045443A204E6F20493243206465766963F5
:1096CC006573207765726520666F756E64206F6EAA
:1096DC002074686973206275732E00002D2D2D2067
:1096EC005363616E2046696E6973686564202D2D25
:1096FC002D0A000049324320534441207374756392
:10970C006B206C6F772C2070756C73696E672053AF
:10971C00434C2E2E2E0000004932432062757320DC
:10972C007265636F7665727920636F6D706C6574AA
:10973C00652E00004661696C656420746F20496E6B
:10974C006974616C697A6520746865204D6F746FFB
:10975C0072314E2000000000496E69746C697A61A8
:10976C0074696F6E205375636365737366756C6C87
:10977C00206F66204D6F746F72314E200000000018
:10978C004661696C656420746F20496E6974616C04
:10979C00697A6520746865204D6F746F72324E2043
:1097AC0000000000496E69746C697A6174696F6EAF
:1097BC00205375636365737366756C6C206F6620DC
:1097CC004D6F746F72324E20000000004661696C60
:1097DC00656420746F20496E6974616C697A6520C8
:1097EC0074686520506F743120000000496E6974F4
:1097FC006C697A6174696F6E2053756363657373FA
:10980C0066756C6C206F6620506F74312000000000
:10981C004661696C656420746F20496E6974616C73
:10982C00697A652074686520506F743220000000DE
:10983C00496E69746C697A6174696F6E20537563D3
:10984C006365737366756C6C206F6620506F743231
:10985C002000000054657374696E6720746865207D
:10986C0055534220436F6D6D756E69636174696FFA
:10987C006E200D004442475F4D41494E3A20466CE4
:10988C0061672064657465637465642E0D00000067
:10989C00434D443A504552464F524D5F54455354F4
:1098AC00000000004442475F4D41494E3A20436F4F
:1098BC006D6D616E6420666F7220537461727420DA
:1098CC004D415443484544210D000000434D443A5A
:1098DC0053544F505F544553540000004442475F6B
:1098EC004D41494E3A20436F6D6D616E6420666F39
:1098FC00722053746F70204D415443484544210DE0
:10990C0000000000434D443A434F524E4552310043
:10991C004442475F4D41494E3A20436F6D6D616E35
:10992C006420666F7220436F726E6572203120283E
:10993C006D696E2C206D696E292072656365697680
:10994C0065642E0D00000000434D443A434F524EC7
:10995C00455232004442475F4D41494E3A20436FD5
:10996C006D6D616E6420666F7220436F726E6572EE
:10997C00203220286D696E2C206D6178292072654B
:10998C006365697665642E0D00000000434D443A12
:10999C00434F524E455233004442475F4D41494E6E
:1099AC003A20436F6D6D616E6420666F7220436F59
:1099BC00726E6572203320286D61782C206D696E73
:1099CC00292072656365697665642E0D00000000C0
:1099DC00434D443A434F524E455234004442475F44
:1099EC004D41494E3A20436F6D6D616E6420666F38
:1099FC007220436F726E6572203420286D61782C52
:109A0C00206D6178292072656365697665642E0D19
:109A1C00000000004442475F4D41494E3A20436FDD
:109A2C006D6D616E64204D49534D41544348212066
:109A3C0052656365697665643A205B25735D0D0A32
:109A4C0000000000444154412C000000256C6400CF
:109A5C00476F696E6720746F207468652046697261
:109A6C00737420436F726E657220692E652E206DA3
:109A7C00696E2D6D696E200D00000000476F696ED8
:109A8C006720746F20746865205365636F6E642063
:109A9C00436F726E657220692E652E206D696E2D76
:109AAC006D6178200D000000476F696E6720746F40
:109ABC002074686520546869726420436F726E6507
:109ACC007220692E652E206D61782D6D696E200DCA
:109ADC0000000000476F696E6720746F2074686522
:109AEC0020466F7572746820436F726E65722069C0
:109AFC002E652E206D696E2D6D696E200D00000097
:109B0C00496E2049646C65205374617465205269F8
:109B1C00676874204E6F77207465737420697320A6
:109B2C006E6F742072756E6E696E67200D0000008A
:109B3C0000000000000000000102030406070809F1
:109B4C0000000000010203040006101600061016A7
:109B5C00232D302B2000686C4C006566674546470A
:109B6C00003031323334353637383941424344458D
:109B7C0046003031323334353637383961626364FC
:049B8C00656600000A
:089B90004066FF7F01000000A8
:049B9800B50100080B
:049B9C00910100082B
:109BA0001202B6088FC2753C6F12033B6E000000B4
:109BB0001202B60864000000010000000024F40056
:109BC0001000000001000000000000000300000081
:109BD0004803002038000020000000004803002057
:109BE000B003002018040020000000000000000066
:109BF0000000000000000000000000000000000065
:109C00000000000000000000000000000000000054
:109C10000000000000000000000000000000000044
:049C20000000000040
:0400000508002C21A2
:00000001FF
